Apiguid,ApiTitulo,ApiDescripcion,ApiCategoria,ApiTags,ApifechaCreacion,Apienlace,TOTAL_RECORDS,NRO_FILA,REGION,PROVINCIA,CANTIDAD,PORCENTAJE,ORDINARIA_CANTIDAD,ORDINARIA_PORCENTAJE,FFAA_CANTIDAD,FFAA_PORCENTAJE,ALBERGUE_CANTIDAD,ALBERGUE_PORCENTAJE,REPARED_CANTIDAD,REPARED_PORCENTAJE,VRAEM_CANTIDAD,VRAEM_PORCENTAJE,HUALLAGA_CANTIDAD,HUALLAGA_PORCENTAJE,EIB_CANTIDAD,EIB_PORCENTAJE,CNA_CANTIDAD,CNA_PORCENTAJE,FECHA_HORA,,,,,,,,,
Beca18BecariosPorProvincia,Beca18 - Becarios por Provincia,Lista de becarios - Beca 18, agrupados por provincia.,BECAS DE ESTUDIOS,becas|becarios|provincia|beca18,25/09/2024 16:13,https://api.datosabiertos.pronabec.gob.pe/dashboards/Beca18BecariosPorProvincia,221,201,SAN MARTIN,HUALLAGA,45,0,17,62,0,32,0,0,0,0,0,0,0,0,0,0,0,0,20,1,59,21/09/2016 00:00,,,,,
Beca18BecariosPorProvincia,Beca18 - Becarios por Provincia,Lista de becarios - Beca 18, agrupados por provincia.,BECAS DE ESTUDIOS,becas|becarios|provincia|beca18,25/09/2024 16:13,https://api.datosabiertos.pronabec.gob.pe/dashboards/Beca18BecariosPorProvincia,221,202,SAN MARTIN,LAMAS,157,0,6,44,0,23,1,0,06,0,0,0,0,0,0,0,0,0,0,0,0,21/09/2016 00:00,,,,,
Beca18BecariosPorProvincia,Beca18 - Becarios por Provincia,Lista de becarios - Beca 18, agrupados por provincia.,BECAS DE ESTUDIOS,becas|becarios|provincia|beca18,25/09/2024 16:13,https://api.datosabiertos.pronabec.gob.pe/dashboards/Beca18BecariosPorProvincia,221,203,SAN MARTIN,MARISCAL CACERES,110,0,42,111,0,57,3,0,18,0,0,0,0,0,0,0,0,0,0,43,3,42,21/09/2016 00:00,,,,
Beca18BecariosPorProvincia,Beca18 - Becarios por Provincia,Lista de becarios - Beca 18, agrupados por provincia.,BECAS DE ESTUDIOS,becas|becarios|provincia|beca18,25/09/2024 16:13,https://api.datosabiertos.pronabec.gob.pe/dashboards/Beca18BecariosPorProvincia,221,204,SAN MARTIN,PICOTA,57,0,22,45,0,23,4,0,24,0,0,1,0,33,0,0,60,6,49,0,0,0,0,21/09/2016 00:00,,,
Beca18BecariosPorProvincia,Beca18 - Becarios por Provincia,Lista de becarios - Beca 18, agrupados por provincia.,BECAS DE ESTUDIOS,becas|becarios|provincia|beca18,25/09/2024 16:13,https://api.datosabiertos.pronabec.gob.pe/dashboards/Beca18BecariosPorProvincia,221,205,SAN MARTIN,RIOJA,198,0,75,56,0,29,1,0,06,0,0,0,0,0,0,0,0,0,0,0,0,21/09/2016 00:00,,,,,
Beca18BecariosPorProvincia,Beca18 - Becarios por Provincia,Lista de becarios - Beca 18, agrupados por provincia.,BECAS DE ESTUDIOS,becas|becarios|provincia|beca18,25/09/2024 16:13,https://api.datosabiertos.pronabec.gob.pe/dashboards/Beca18BecariosPorProvincia,221,206,SAN MARTIN,SAN MARTIN,121,0,46,166,0,85,1,0,06,0,0,0,0,0,0,0,0,0,0,31,2,46,21/09/2016 00:00,,,,
Beca18BecariosPorProvincia,Beca18 - Becarios por Provincia,Lista de becarios - Beca 18, agrupados por provincia.,BECAS DE ESTUDIOS,becas|becarios|provincia|beca18,25/09/2024 16:13,https://api.datosabiertos.pronabec.gob.pe/dashboards/Beca18BecariosPorProvincia,221,207,SAN MARTIN,TOCACHE,277,1,05,100,0,51,6,0,36,0,0,2,0,65,0,0,0,0,0,0,13,1,03,21/09/2016 00:00,,,
Beca18BecariosPorProvincia,Beca18 - Becarios por Provincia,Lista de becarios - Beca 18, agrupados por provincia.,BECAS DE ESTUDIOS,becas|becarios|provincia|beca18,25/09/2024 16:13,https://api.datosabiertos.pronabec.gob.pe/dashboards/Beca18BecariosPorProvincia,221,208,TACNA,TOTAL,437,1,66,7,0,04,6,0,36,0,0,2,0,65,1,0,06,261,28,25,0,0,0,0,21/09/2016 00:00,,
Beca18BecariosPorProvincia,Beca18 - Becarios por Provincia,Lista de becarios - Beca 18, agrupados por provincia.,BECAS DE ESTUDIOS,becas|becarios|provincia|beca18,25/09/2024 16:13,https://api.datosabiertos.pronabec.gob.pe/dashboards/Beca18BecariosPorProvincia,221,209,TACNA,TACNA,308,1,17,238,1,22,183,11,01,13,3,25,2,0,65,1,0,06,0,0,0,0,0,0,21/09/2016 00:00,,
Beca18BecariosPorProvincia,Beca18 - Becarios por Provincia,Lista de becarios - Beca 18, agrupados por provincia.,BECAS DE ESTUDIOS,becas|becarios|provincia|beca18,25/09/2024 16:13,https://api.datosabiertos.pronabec.gob.pe/dashboards/Beca18BecariosPorProvincia,221,210,TACNA,CANDARAVE,39,0,15,149,0,76,144,8,66,13,3,25,1,0,33,1,0,06,0,0,0,0,0,0,21/09/2016 00:00,,
Beca18BecariosPorProvincia,Beca18 - Becarios por Provincia,Lista de becarios - Beca 18, agrupados por provincia.,BECAS DE ESTUDIOS,becas|becarios|provincia|beca18,25/09/2024 16:13,https://api.datosabiertos.pronabec.gob.pe/dashboards/Beca18BecariosPorProvincia,221,211,TACNA,JORGE BASADRE,51,0,19,36,0,18,3,0,18,0,0,0,0,0,0,0,0,0,0,0,0,21/09/2016 00:00,,,,,
Beca18BecariosPorProvincia,Beca18 - Becarios por Provincia,Lista de becarios - Beca 18, agrupados por provincia.,BECAS DE ESTUDIOS,becas|becarios|provincia|beca18,25/09/2024 16:13,https://api.datosabiertos.pronabec.gob.pe/dashboards/Beca18BecariosPorProvincia,221,212,TACNA,TARATA,39,0,15,19,0,1,31,1,87,0,0,1,0,33,0,0,0,0,0,0,0,0,21/09/2016 00:00,,,,
Beca18BecariosPorProvincia,Beca18 - Becarios por Provincia,Lista de becarios - Beca 18, agrupados por provincia.,BECAS DE ESTUDIOS,becas|becarios|provincia|beca18,25/09/2024 16:13,https://api.datosabiertos.pronabec.gob.pe/dashboards/Beca18BecariosPorProvincia,221,213,TUMBES,TOTAL,168,0,64,34,0,17,5,0,3,0,0,0,0,0,0,0,0,0,0,0,0,21/09/2016 00:00,,,,,
Beca18BecariosPorProvincia,Beca18 - Becarios por Provincia,Lista de becarios - Beca 18, agrupados por provincia.,BECAS DE ESTUDIOS,becas|becarios|provincia|beca18,25/09/2024 16:13,https://api.datosabiertos.pronabec.gob.pe/dashboards/Beca18BecariosPorProvincia,221,214,TUMBES,TUMBES,123,0,47,143,0,73,25,1,5,0,0,0,0,0,0,0,0,0,0,0,0,21/09/2016 00:00,,,,,
Beca18BecariosPorProvincia,Beca18 - Becarios por Provincia,Lista de becarios - Beca 18, agrupados por provincia.,BECAS DE ESTUDIOS,becas|becarios|provincia|beca18,25/09/2024 16:13,https://api.datosabiertos.pronabec.gob.pe/dashboards/Beca18BecariosPorProvincia,221,215,TUMBES,CONTRALMIRANTE VILLAR,9,0,03,107,0,55,16,0,96,0,0,0,0,0,0,0,0,0,0,0,0,21/09/2016 00:00,,,,,
Beca18BecariosPorProvincia,Beca18 - Becarios por Provincia,Lista de becarios - Beca 18, agrupados por provincia.,BECAS DE ESTUDIOS,becas|becarios|provincia|beca18,25/09/2024 16:13,https://api.datosabiertos.pronabec.gob.pe/dashboards/Beca18BecariosPorProvincia,221,216,TUMBES,ZARUMILLA,36,0,14,9,0,05,0,0,0,0,0,0,0,0,0,0,0,0,0,0,21/09/2016 00:00,,,,,,
Beca18BecariosPorProvincia,Beca18 - Becarios por Provincia,Lista de becarios - Beca 18, agrupados por provincia.,BECAS DE ESTUDIOS,becas|becarios|provincia|beca18,25/09/2024 16:13,https://api.datosabiertos.pronabec.gob.pe/dashboards/Beca18BecariosPorProvincia,221,217,UCAYALI,UCAYALI,732,2,79,27,0,14,9,0,54,0,0,0,0,0,0,0,0,0,0,0,0,21/09/2016 00:00,,,,,
Beca18BecariosPorProvincia,Beca18 - Becarios por Provincia,Lista de becarios - Beca 18, agrupados por provincia.,BECAS DE ESTUDIOS,becas|becarios|provincia|beca18,25/09/2024 16:13,https://api.datosabiertos.pronabec.gob.pe/dashboards/Beca18BecariosPorProvincia,221,218,UCAYALI,CORONEL PORTILLO,395,1,5,281,1,44,14,0,84,0,0,1,0,33,0,0,195,21,1,3,0,72,238,18,9,21/09/2016 00:00,
Beca18BecariosPorProvincia,Beca18 - Becarios por Provincia,Lista de becarios - Beca 18, agrupados por provincia.,BECAS DE ESTUDIOS,becas|becarios|provincia|beca18,25/09/2024 16:13,https://api.datosabiertos.pronabec.gob.pe/dashboards/Beca18BecariosPorProvincia,221,219,UCAYALI,ATALAYA,130,0,49,226,1,16,12,0,72,0,0,1,0,33,0,0,20,2,16,2,0,48,134,10,64,21/09/2016 00:00,
Beca18BecariosPorProvincia,Beca18 - Becarios por Provincia,Lista de becarios - Beca 18, agrupados por provincia.,BECAS DE ESTUDIOS,becas|becarios|provincia|beca18,25/09/2024 16:13,https://api.datosabiertos.pronabec.gob.pe/dashboards/Beca18BecariosPorProvincia,221,220,UCAYALI,PADRE ABAD,195,0,74,49,0,25,1,0,06,0,0,0,0,0,0,0,0,1,0,24,79,6,27,21/09/2016 00:00,,,
Beca18BecariosPorProvincia,Beca18 - Becarios por Provincia,Lista de becarios - Beca 18, agrupados por provincia.,BECAS DE ESTUDIOS,becas|becarios|provincia|beca18,25/09/2024 16:13,https://api.datosabiertos.pronabec.gob.pe/dashboards/Beca18BecariosPorProvincia,221,221,UCAYALI,PURUS,12,0,05,5,0,03,1,0,06,0,0,0,0,0,0,175,18,94,0,0,14,1,11,21/09/2016 00:00,,,
Beca18BecariosPorProvincia,Beca18 - Becarios por Provincia,Lista de becarios - Beca 18, agrupados por provincia.,BECAS DE ESTUDIOS,becas|becarios|provincia|beca18,25/09/2024 16:13,https://api.datosabiertos.pronabec.gob.pe/dashboards/Beca18BecariosPorProvincia,221,222,,TOTAL DE BENEFICIARIOS,26270,100,1,0,01,0,0,0,0,0,0,0,0,0,0,0,0,11,0,87,21/09/2016 00:00,,,,,,
Beca18BecariosPorProvincia,Beca18 - Becarios por Provincia,Lista de becarios - Beca 18, agrupados por provincia.,BECAS DE ESTUDIOS,becas|becarios|provincia|beca18,25/09/2024 16:13,https://api.datosabiertos.pronabec.gob.pe/dashboards/Beca18BecariosPorProvincia,221,223,,TOTAL GLOBAL,,,19509,74,26,1662,6,33,400,1,52,307,1,17,1791,6,82,924,3,52,418,1,59,1259,4,79,21/09/2016 00:00
Beca18BecariosPorProvincia,Beca18 - Becarios por Provincia,Lista de becarios - Beca 18, agrupados por provincia.,BECAS DE ESTUDIOS,becas|becarios|provincia|beca18,25/09/2024 16:13,https://api.datosabiertos.pronabec.gob.pe/dashboards/Beca18BecariosPorProvincia,221,151,LIMA,OYON,10,0,04,60,0,31,2,0,12,3,0,75,4,1,3,0,0,0,0,0,0,0,0,21/09/2016 00:00,,,
Beca18BecariosPorProvincia,Beca18 - Becarios por Provincia,Lista de becarios - Beca 18, agrupados por provincia.,BECAS DE ESTUDIOS,becas|becarios|provincia|beca18,25/09/2024 16:13,https://api.datosabiertos.pronabec.gob.pe/dashboards/Beca18BecariosPorProvincia,221,152,LIMA,YAUYOS,50,0,19,10,0,05,0,0,0,0,0,0,0,0,0,0,0,0,0,0,21/09/2016 00:00,,,,,,
Beca18BecariosPorProvincia,Beca18 - Becarios por Provincia,Lista de becarios - Beca 18, agrupados por provincia.,BECAS DE ESTUDIOS,becas|becarios|provincia|beca18,25/09/2024 16:13,https://api.datosabiertos.pronabec.gob.pe/dashboards/Beca18BecariosPorProvincia,221,153,LORETO,TOTAL,1303,4,96,49,0,25,1,0,06,0,0,0,0,0,0,0,0,0,0,0,0,21/09/2016 00:00,,,,,
Beca18BecariosPorProvincia,Beca18 - Becarios por Provincia,Lista de becarios - Beca 18, agrupados por provincia.,BECAS DE ESTUDIOS,becas|becarios|provincia|beca18,25/09/2024 16:13,https://api.datosabiertos.pronabec.gob.pe/dashboards/Beca18BecariosPorProvincia,221,154,LORETO,MAYNAS,418,1,59,795,4,08,87,5,23,1,0,25,0,0,0,0,0,0,67,16,03,353,28,04,21/09/2016 00:00,,
Beca18BecariosPorProvincia,Beca18 - Becarios por Provincia,Lista de becarios - Beca 18, agrupados por provincia.,BECAS DE ESTUDIOS,becas|becarios|provincia|beca18,25/09/2024 16:13,https://api.datosabiertos.pronabec.gob.pe/dashboards/Beca18BecariosPorProvincia,221,155,LORETO,ALTO AMAZONAS,157,0,6,317,1,62,58,3,49,1,0,25,0,0,0,0,0,0,8,1,91,34,2,7,21/09/2016 00:00,,
Beca18BecariosPorProvincia,Beca18 - Becarios por Provincia,Lista de becarios - Beca 18, agrupados por provincia.,BECAS DE ESTUDIOS,becas|becarios|provincia|beca18,25/09/2024 16:13,https://api.datosabiertos.pronabec.gob.pe/dashboards/Beca18BecariosPorProvincia,221,156,LORETO,LORETO,186,0,71,76,0,39,4,0,24,0,0,0,0,0,0,0,0,35,8,37,42,3,34,21/09/2016 00:00,,,
Beca18BecariosPorProvincia,Beca18 - Becarios por Provincia,Lista de becarios - Beca 18, agrupados por provincia.,BECAS DE ESTUDIOS,becas|becarios|provincia|beca18,25/09/2024 16:13,https://api.datosabiertos.pronabec.gob.pe/dashboards/Beca18BecariosPorProvincia,221,157,LORETO,MARISCAL RAMON CASTILLA,143,0,54,84,0,43,8,0,48,0,0,0,0,0,0,0,0,0,0,94,7,47,21/09/2016 00:00,,,,
Beca18BecariosPorProvincia,Beca18 - Becarios por Provincia,Lista de becarios - Beca 18, agrupados por provincia.,BECAS DE ESTUDIOS,becas|becarios|provincia|beca18,25/09/2024 16:13,https://api.datosabiertos.pronabec.gob.pe/dashboards/Beca18BecariosPorProvincia,221,158,LORETO,REQUENA,175,0,67,68,0,35,6,0,36,0,0,0,0,0,0,0,0,11,2,63,58,4,61,21/09/2016 00:00,,,
Beca18BecariosPorProvincia,Beca18 - Becarios por Provincia,Lista de becarios - Beca 18, agrupados por provincia.,BECAS DE ESTUDIOS,becas|becarios|provincia|beca18,25/09/2024 16:13,https://api.datosabiertos.pronabec.gob.pe/dashboards/Beca18BecariosPorProvincia,221,159,LORETO,UCAYALI,117,0,45,157,0,8,8,0,48,0,0,0,0,0,0,0,0,5,1,2,5,0,4,21/09/2016 00:00,,,
Beca18BecariosPorProvincia,Beca18 - Becarios por Provincia,Lista de becarios - Beca 18, agrupados por provincia.,BECAS DE ESTUDIOS,becas|becarios|provincia|beca18,25/09/2024 16:13,https://api.datosabiertos.pronabec.gob.pe/dashboards/Beca18BecariosPorProvincia,221,160,LORETO,DATEM DEL MARAÑON,74,0,28,60,0,31,2,0,12,0,0,0,0,0,0,0,0,1,0,24,54,4,29,21/09/2016 00:00,,,
Beca18BecariosPorProvincia,Beca18 - Becarios por Provincia,Lista de becarios - Beca 18, agrupados por provincia.,BECAS DE ESTUDIOS,becas|becarios|provincia|beca18,25/09/2024 16:13,https://api.datosabiertos.pronabec.gob.pe/dashboards/Beca18BecariosPorProvincia,221,161,LORETO,PUTUMAYO,33,0,13,23,0,12,0,0,0,0,0,0,0,0,0,0,4,0,96,47,3,73,21/09/2016 00:00,,,,
Beca18BecariosPorProvincia,Beca18 - Becarios por Provincia,Lista de becarios - Beca 18, agrupados por provincia.,BECAS DE ESTUDIOS,becas|becarios|provincia|beca18,25/09/2024 16:13,https://api.datosabiertos.pronabec.gob.pe/dashboards/Beca18BecariosPorProvincia,221,162,MADRE DE DIOS,TOTAL,93,0,35,10,0,05,1,0,06,0,0,0,0,0,0,0,0,3,0,72,19,1,51,21/09/2016 00:00,,,
Beca18BecariosPorProvincia,Beca18 - Becarios por Provincia,Lista de becarios - Beca 18, agrupados por provincia.,BECAS DE ESTUDIOS,becas|becarios|provincia|beca18,25/09/2024 16:13,https://api.datosabiertos.pronabec.gob.pe/dashboards/Beca18BecariosPorProvincia,221,163,MADRE DE DIOS,TAMBOPATA,66,0,25,63,0,32,14,0,84,1,0,25,0,0,0,0,0,0,0,0,15,1,19,21/09/2016 00:00,,,
Beca18BecariosPorProvincia,Beca18 - Becarios por Provincia,Lista de becarios - Beca 18, agrupados por provincia.,BECAS DE ESTUDIOS,becas|becarios|provincia|beca18,25/09/2024 16:13,https://api.datosabiertos.pronabec.gob.pe/dashboards/Beca18BecariosPorProvincia,221,164,MADRE DE DIOS,MANU,19,0,07,42,0,22,13,0,78,1,0,25,0,0,0,0,0,0,0,0,10,0,79,21/09/2016 00:00,,,
Beca18BecariosPorProvincia,Beca18 - Becarios por Provincia,Lista de becarios - Beca 18, agrupados por provincia.,BECAS DE ESTUDIOS,becas|becarios|provincia|beca18,25/09/2024 16:13,https://api.datosabiertos.pronabec.gob.pe/dashboards/Beca18BecariosPorProvincia,221,165,MADRE DE DIOS,TAHUAMANU,8,0,03,14,0,07,0,0,0,0,0,0,0,0,0,0,0,0,5,0,4,21/09/2016 00:00,,,,,
Beca18BecariosPorProvincia,Beca18 - Becarios por Provincia,Lista de becarios - Beca 18, agrupados por provincia.,BECAS DE ESTUDIOS,becas|becarios|provincia|beca18,25/09/2024 16:13,https://api.datosabiertos.pronabec.gob.pe/dashboards/Beca18BecariosPorProvincia,221,166,MOQUEGUA,TOTAL,118,0,45,7,0,04,1,0,06,0,0,0,0,0,0,0,0,0,0,0,0,21/09/2016 00:00,,,,,
Beca18BecariosPorProvincia,Beca18 - Becarios por Provincia,Lista de becarios - Beca 18, agrupados por provincia.,BECAS DE ESTUDIOS,becas|becarios|provincia|beca18,25/09/2024 16:13,https://api.datosabiertos.pronabec.gob.pe/dashboards/Beca18BecariosPorProvincia,221,167,MOQUEGUA,MARISCAL NIETO,62,0,24,92,0,47,25,1,5,1,0,25,0,0,0,0,0,0,0,0,0,0,21/09/2016 00:00,,,,
Beca18BecariosPorProvincia,Beca18 - Becarios por Provincia,Lista de becarios - Beca 18, agrupados por provincia.,BECAS DE ESTUDIOS,becas|becarios|provincia|beca18,25/09/2024 16:13,https://api.datosabiertos.pronabec.gob.pe/dashboards/Beca18BecariosPorProvincia,221,168,MOQUEGUA,GENERAL SANCHEZ CERRO,34,0,13,49,0,25,13,0,78,0,0,0,0,0,0,0,0,0,0,0,0,21/09/2016 00:00,,,,,
Beca18BecariosPorProvincia,Beca18 - Becarios por Provincia,Lista de becarios - Beca 18, agrupados por provincia.,BECAS DE ESTUDIOS,becas|becarios|provincia|beca18,25/09/2024 16:13,https://api.datosabiertos.pronabec.gob.pe/dashboards/Beca18BecariosPorProvincia,221,169,MOQUEGUA,ILO,22,0,08,32,0,16,2,0,12,0,0,0,0,0,0,0,0,0,0,0,0,21/09/2016 00:00,,,,,
Beca18BecariosPorProvincia,Beca18 - Becarios por Provincia,Lista de becarios - Beca 18, agrupados por provincia.,BECAS DE ESTUDIOS,becas|becarios|provincia|beca18,25/09/2024 16:13,https://api.datosabiertos.pronabec.gob.pe/dashboards/Beca18BecariosPorProvincia,221,170,PASCO,TOTAL,572,2,18,11,0,06,10,0,6,1,0,25,0,0,0,0,0,0,0,0,0,0,21/09/2016 00:00,,,,
Beca18BecariosPorProvincia,Beca18 - Becarios por Provincia,Lista de becarios - Beca 18, agrupados por provincia.,BECAS DE ESTUDIOS,becas|becarios|provincia|beca18,25/09/2024 16:13,https://api.datosabiertos.pronabec.gob.pe/dashboards/Beca18BecariosPorProvincia,221,171,PASCO,PASCO,228,0,87,436,2,23,16,0,96,3,0,75,4,1,3,0,0,0,0,38,9,09,75,5,96,21/09/2016 00:00,
Beca18BecariosPorProvincia,Beca18 - Becarios por Provincia,Lista de becarios - Beca 18, agrupados por provincia.,BECAS DE ESTUDIOS,becas|becarios|provincia|beca18,25/09/2024 16:13,https://api.datosabiertos.pronabec.gob.pe/dashboards/Beca18BecariosPorProvincia,221,172,PASCO,DANIEL ALCIDES CARRION,197,0,75,196,1,10,0,6,0,0,1,0,33,0,0,0,0,21,5,02,0,0,21/09/2016 00:00,,,,
Beca18BecariosPorProvincia,Beca18 - Becarios por Provincia,Lista de becarios - Beca 18, agrupados por provincia.,BECAS DE ESTUDIOS,becas|becarios|provincia|beca18,25/09/2024 16:13,https://api.datosabiertos.pronabec.gob.pe/dashboards/Beca18BecariosPorProvincia,221,173,PASCO,OXAPAMPA,147,0,56,180,0,92,2,0,12,0,0,2,0,65,0,0,0,0,13,3,11,0,0,21/09/2016 00:00,,,
Beca18BecariosPorProvincia,Beca18 - Becarios por Provincia,Lista de becarios - Beca 18, agrupados por provincia.,BECAS DE ESTUDIOS,becas|becarios|provincia|beca18,25/09/2024 16:13,https://api.datosabiertos.pronabec.gob.pe/dashboards/Beca18BecariosPorProvincia,221,174,PIURA,TOTAL,1756,6,68,60,0,31,4,0,24,3,0,75,1,0,33,0,0,0,0,4,0,96,75,5,96,21/09/2016 00:00,
Beca18BecariosPorProvincia,Beca18 - Becarios por Provincia,Lista de becarios - Beca 18, agrupados por provincia.,BECAS DE ESTUDIOS,becas|becarios|provincia|beca18,25/09/2024 16:13,https://api.datosabiertos.pronabec.gob.pe/dashboards/Beca18BecariosPorProvincia,221,175,PIURA,PIURA,627,2,39,1675,8,59,70,4,21,11,2,75,0,0,0,0,0,0,0,0,0,0,21/09/2016 00:00,,,,
Beca18BecariosPorProvincia,Beca18 - Becarios por Provincia,Lista de becarios - Beca 18, agrupados por provincia.,BECAS DE ESTUDIOS,becas|becarios|provincia|beca18,25/09/2024 16:13,https://api.datosabiertos.pronabec.gob.pe/dashboards/Beca18BecariosPorProvincia,221,176,PIURA,AYABACA,189,0,72,589,3,02,28,1,68,10,2,5,0,0,0,0,0,0,0,0,0,0,21/09/2016 00:00,,,,
Beca18BecariosPorProvincia,Beca18 - Becarios por Provincia,Lista de becarios - Beca 18, agrupados por provincia.,BECAS DE ESTUDIOS,becas|becarios|provincia|beca18,25/09/2024 16:13,https://api.datosabiertos.pronabec.gob.pe/dashboards/Beca18BecariosPorProvincia,221,177,PIURA,HUANCABAMBA,241,0,92,185,0,95,4,0,24,0,0,0,0,0,0,0,0,0,0,0,0,21/09/2016 00:00,,,,,
Beca18BecariosPorProvincia,Beca18 - Becarios por Provincia,Lista de becarios - Beca 18, agrupados por provincia.,BECAS DE ESTUDIOS,becas|becarios|provincia|beca18,25/09/2024 16:13,https://api.datosabiertos.pronabec.gob.pe/dashboards/Beca18BecariosPorProvincia,221,178,PIURA,MORROPON,281,1,07,230,1,18,11,0,66,0,0,0,0,0,0,0,0,0,0,0,0,21/09/2016 00:00,,,,,
Beca18BecariosPorProvincia,Beca18 - Becarios por Provincia,Lista de becarios - Beca 18, agrupados por provincia.,BECAS DE ESTUDIOS,becas|becarios|provincia|beca18,25/09/2024 16:13,https://api.datosabiertos.pronabec.gob.pe/dashboards/Beca18BecariosPorProvincia,221,179,PIURA,PAITA,70,0,27,274,1,4,6,0,36,1,0,25,0,0,0,0,0,0,0,0,0,0,21/09/2016 00:00,,,,
Beca18BecariosPorProvincia,Beca18 - Becarios por Provincia,Lista de becarios - Beca 18, agrupados por provincia.,BECAS DE ESTUDIOS,becas|becarios|provincia|beca18,25/09/2024 16:13,https://api.datosabiertos.pronabec.gob.pe/dashboards/Beca18BecariosPorProvincia,221,180,PIURA,SULLANA,240,0,91,66,0,34,4,0,24,0,0,0,0,0,0,0,0,0,0,0,0,21/09/2016 00:00,,,,,
Beca18BecariosPorProvincia,Beca18 - Becarios por Provincia,Lista de becarios - Beca 18, agrupados por provincia.,BECAS DE ESTUDIOS,becas|becarios|provincia|beca18,25/09/2024 16:13,https://api.datosabiertos.pronabec.gob.pe/dashboards/Beca18BecariosPorProvincia,221,181,PIURA,TALARA,62,0,24,229,1,17,11,0,66,0,0,0,0,0,0,0,0,0,0,0,0,21/09/2016 00:00,,,,,
Beca18BecariosPorProvincia,Beca18 - Becarios por Provincia,Lista de becarios - Beca 18, agrupados por provincia.,BECAS DE ESTUDIOS,becas|becarios|provincia|beca18,25/09/2024 16:13,https://api.datosabiertos.pronabec.gob.pe/dashboards/Beca18BecariosPorProvincia,221,182,PIURA,SECHURA,46,0,18,58,0,3,4,0,24,0,0,0,0,0,0,0,0,0,0,0,0,21/09/2016 00:00,,,,,
Beca18BecariosPorProvincia,Beca18 - Becarios por Provincia,Lista de becarios - Beca 18, agrupados por provincia.,BECAS DE ESTUDIOS,becas|becarios|provincia|beca18,25/09/2024 16:13,https://api.datosabiertos.pronabec.gob.pe/dashboards/Beca18BecariosPorProvincia,221,183,PUNO,TOTAL,938,3,57,44,0,23,2,0,12,0,0,0,0,0,0,0,0,0,0,0,0,21/09/2016 00:00,,,,,
Beca18BecariosPorProvincia,Beca18 - Becarios por Provincia,Lista de becarios - Beca 18, agrupados por provincia.,BECAS DE ESTUDIOS,becas|becarios|provincia|beca18,25/09/2024 16:13,https://api.datosabiertos.pronabec.gob.pe/dashboards/Beca18BecariosPorProvincia,221,184,PUNO,PUNO,111,0,42,747,3,83,134,8,06,9,2,25,11,3,58,0,0,0,0,37,8,85,0,0,21/09/2016 00:00,,
Beca18BecariosPorProvincia,Beca18 - Becarios por Provincia,Lista de becarios - Beca 18, agrupados por provincia.,BECAS DE ESTUDIOS,becas|becarios|provincia|beca18,25/09/2024 16:13,https://api.datosabiertos.pronabec.gob.pe/dashboards/Beca18BecariosPorProvincia,221,185,PUNO,AZANGARO,107,0,41,73,0,37,30,1,81,6,1,5,1,0,33,0,0,0,0,1,0,24,0,0,21/09/2016 00:00,,
Beca18BecariosPorProvincia,Beca18 - Becarios por Provincia,Lista de becarios - Beca 18, agrupados por provincia.,BECAS DE ESTUDIOS,becas|becarios|provincia|beca18,25/09/2024 16:13,https://api.datosabiertos.pronabec.gob.pe/dashboards/Beca18BecariosPorProvincia,221,186,PUNO,CARABAYA,106,0,4,93,0,48,9,0,54,0,0,4,1,3,0,0,0,0,1,0,24,0,0,21/09/2016 00:00,,,
Beca18BecariosPorProvincia,Beca18 - Becarios por Provincia,Lista de becarios - Beca 18, agrupados por provincia.,BECAS DE ESTUDIOS,becas|becarios|provincia|beca18,25/09/2024 16:13,https://api.datosabiertos.pronabec.gob.pe/dashboards/Beca18BecariosPorProvincia,221,187,PUNO,CHUCUITO,96,0,37,88,0,45,15,0,9,1,0,25,0,0,0,0,0,0,2,0,48,0,0,21/09/2016 00:00,,,
Beca18BecariosPorProvincia,Beca18 - Becarios por Provincia,Lista de becarios - Beca 18, agrupados por provincia.,BECAS DE ESTUDIOS,becas|becarios|provincia|beca18,25/09/2024 16:13,https://api.datosabiertos.pronabec.gob.pe/dashboards/Beca18BecariosPorProvincia,221,188,PUNO,EL COLLAO,40,0,15,48,0,25,17,1,02,0,0,0,0,0,0,0,0,31,7,42,0,0,21/09/2016 00:00,,,,
Beca18BecariosPorProvincia,Beca18 - Becarios por Provincia,Lista de becarios - Beca 18, agrupados por provincia.,BECAS DE ESTUDIOS,becas|becarios|provincia|beca18,25/09/2024 16:13,https://api.datosabiertos.pronabec.gob.pe/dashboards/Beca18BecariosPorProvincia,221,189,PUNO,HUANCANE,57,0,22,27,0,14,12,0,72,0,0,0,0,0,0,0,0,1,0,24,0,0,21/09/2016 00:00,,,,
Beca18BecariosPorProvincia,Beca18 - Becarios por Provincia,Lista de becarios - Beca 18, agrupados por provincia.,BECAS DE ESTUDIOS,becas|becarios|provincia|beca18,25/09/2024 16:13,https://api.datosabiertos.pronabec.gob.pe/dashboards/Beca18BecariosPorProvincia,221,190,PUNO,LAMPA,48,0,18,49,0,25,8,0,48,0,0,0,0,0,0,0,0,0,0,0,0,21/09/2016 00:00,,,,,
Beca18BecariosPorProvincia,Beca18 - Becarios por Provincia,Lista de becarios - Beca 18, agrupados por provincia.,BECAS DE ESTUDIOS,becas|becarios|provincia|beca18,25/09/2024 16:13,https://api.datosabiertos.pronabec.gob.pe/dashboards/Beca18BecariosPorProvincia,221,191,PUNO,MELGAR,90,0,34,46,0,24,2,0,12,0,0,0,0,0,0,0,0,0,0,0,0,21/09/2016 00:00,,,,,
Beca18BecariosPorProvincia,Beca18 - Becarios por Provincia,Lista de becarios - Beca 18, agrupados por provincia.,BECAS DE ESTUDIOS,becas|becarios|provincia|beca18,25/09/2024 16:13,https://api.datosabiertos.pronabec.gob.pe/dashboards/Beca18BecariosPorProvincia,221,192,PUNO,MOHO,32,0,12,80,0,41,9,0,54,0,0,1,0,33,0,0,0,0,0,0,0,0,21/09/2016 00:00,,,,
Beca18BecariosPorProvincia,Beca18 - Becarios por Provincia,Lista de becarios - Beca 18, agrupados por provincia.,BECAS DE ESTUDIOS,becas|becarios|provincia|beca18,25/09/2024 16:13,https://api.datosabiertos.pronabec.gob.pe/dashboards/Beca18BecariosPorProvincia,221,193,PUNO,SAN ANTONIO DE PUTINA,59,0,22,29,0,15,2,0,12,1,0,25,0,0,0,0,0,0,0,0,0,0,21/09/2016 00:00,,,,
Beca18BecariosPorProvincia,Beca18 - Becarios por Provincia,Lista de becarios - Beca 18, agrupados por provincia.,BECAS DE ESTUDIOS,becas|becarios|provincia|beca18,25/09/2024 16:13,https://api.datosabiertos.pronabec.gob.pe/dashboards/Beca18BecariosPorProvincia,221,194,PUNO,SAN ROMAN,89,0,34,56,0,29,3,0,18,0,0,0,0,0,0,0,0,0,0,0,0,21/09/2016 00:00,,,,,
Beca18BecariosPorProvincia,Beca18 - Becarios por Provincia,Lista de becarios - Beca 18, agrupados por provincia.,BECAS DE ESTUDIOS,becas|becarios|provincia|beca18,25/09/2024 16:13,https://api.datosabiertos.pronabec.gob.pe/dashboards/Beca18BecariosPorProvincia,221,195,PUNO,SANDIA,57,0,22,64,0,33,18,1,08,1,0,25,5,1,63,0,0,0,0,1,0,24,0,0,21/09/2016 00:00,,
Beca18BecariosPorProvincia,Beca18 - Becarios por Provincia,Lista de becarios - Beca 18, agrupados por provincia.,BECAS DE ESTUDIOS,becas|becarios|provincia|beca18,25/09/2024 16:13,https://api.datosabiertos.pronabec.gob.pe/dashboards/Beca18BecariosPorProvincia,221,196,PUNO,YUNGUYO,46,0,18,52,0,27,5,0,3,0,0,0,0,0,0,0,0,0,0,0,0,21/09/2016 00:00,,,,,
Beca18BecariosPorProvincia,Beca18 - Becarios por Provincia,Lista de becarios - Beca 18, agrupados por provincia.,BECAS DE ESTUDIOS,becas|becarios|provincia|beca18,25/09/2024 16:13,https://api.datosabiertos.pronabec.gob.pe/dashboards/Beca18BecariosPorProvincia,221,197,SAN MARTIN,TOTAL,1287,4,9,42,0,22,4,0,24,0,0,0,0,0,0,0,0,0,0,0,0,21/09/2016 00:00,,,,,
Beca18BecariosPorProvincia,Beca18 - Becarios por Provincia,Lista de becarios - Beca 18, agrupados por provincia.,BECAS DE ESTUDIOS,becas|becarios|provincia|beca18,25/09/2024 16:13,https://api.datosabiertos.pronabec.gob.pe/dashboards/Beca18BecariosPorProvincia,221,198,SAN MARTIN,MOYOBAMBA,185,0,7,825,4,23,26,1,56,0,0,6,1,95,1,0,06,321,34,74,0,0,108,8,58,21/09/2016 00:00,
Beca18BecariosPorProvincia,Beca18 - Becarios por Provincia,Lista de becarios - Beca 18, agrupados por provincia.,BECAS DE ESTUDIOS,becas|becarios|provincia|beca18,25/09/2024 16:13,https://api.datosabiertos.pronabec.gob.pe/dashboards/Beca18BecariosPorProvincia,221,199,SAN MARTIN,BELLAVISTA,55,0,21,180,0,92,4,0,24,0,0,0,0,0,0,0,0,0,0,1,0,08,21/09/2016 00:00,,,,
Beca18BecariosPorProvincia,Beca18 - Becarios por Provincia,Lista de becarios - Beca 18, agrupados por provincia.,BECAS DE ESTUDIOS,becas|becarios|provincia|beca18,25/09/2024 16:13,https://api.datosabiertos.pronabec.gob.pe/dashboards/Beca18BecariosPorProvincia,221,200,SAN MARTIN,EL DORADO,82,0,31,54,0,28,0,0,0,0,1,0,33,0,0,0,0,0,0,0,0,21/09/2016 00:00,,,,,
Beca18BecariosPorProvincia,Beca18 - Becarios por Provincia,Lista de becarios - Beca 18, agrupados por provincia.,BECAS DE ESTUDIOS,becas|becarios|provincia|beca18,25/09/2024 16:13,https://api.datosabiertos.pronabec.gob.pe/dashboards/Beca18BecariosPorProvincia,221,101,HUANUCO,HUACAYBAMBA,35,0,13,95,0,49,3,0,18,0,0,2,0,65,0,0,8,0,87,0,0,0,0,21/09/2016 00:00,,,
Beca18BecariosPorProvincia,Beca18 - Becarios por Provincia,Lista de becarios - Beca 18, agrupados por provincia.,BECAS DE ESTUDIOS,becas|becarios|provincia|beca18,25/09/2024 16:13,https://api.datosabiertos.pronabec.gob.pe/dashboards/Beca18BecariosPorProvincia,221,102,HUANUCO,HUAMALIES,135,0,51,31,0,16,2,0,12,0,0,1,0,33,0,0,0,0,1,0,24,0,0,21/09/2016 00:00,,,
Beca18BecariosPorProvincia,Beca18 - Becarios por Provincia,Lista de becarios - Beca 18, agrupados por provincia.,BECAS DE ESTUDIOS,becas|becarios|provincia|beca18,25/09/2024 16:13,https://api.datosabiertos.pronabec.gob.pe/dashboards/Beca18BecariosPorProvincia,221,103,HUANUCO,LEONCIO PRADO,224,0,85,84,0,43,0,0,0,0,4,1,3,0,0,47,5,09,0,0,0,0,21/09/2016 00:00,,,,
Beca18BecariosPorProvincia,Beca18 - Becarios por Provincia,Lista de becarios - Beca 18, agrupados por provincia.,BECAS DE ESTUDIOS,becas|becarios|provincia|beca18,25/09/2024 16:13,https://api.datosabiertos.pronabec.gob.pe/dashboards/Beca18BecariosPorProvincia,221,104,HUANUCO,MARAÑON,47,0,18,3,0,02,3,0,18,0,0,7,2,28,0,0,211,22,84,0,0,0,0,21/09/2016 00:00,,,
Beca18BecariosPorProvincia,Beca18 - Becarios por Provincia,Lista de becarios - Beca 18, agrupados por provincia.,BECAS DE ESTUDIOS,becas|becarios|provincia|beca18,25/09/2024 16:13,https://api.datosabiertos.pronabec.gob.pe/dashboards/Beca18BecariosPorProvincia,221,105,HUANUCO,PACHITEA,92,0,35,20,0,1,3,0,18,0,0,0,0,0,0,24,2,6,0,0,0,0,21/09/2016 00:00,,,,
Beca18BecariosPorProvincia,Beca18 - Becarios por Provincia,Lista de becarios - Beca 18, agrupados por provincia.,BECAS DE ESTUDIOS,becas|becarios|provincia|beca18,25/09/2024 16:13,https://api.datosabiertos.pronabec.gob.pe/dashboards/Beca18BecariosPorProvincia,221,106,HUANUCO,PUERTO INCA,42,0,16,33,0,17,2,0,12,0,0,0,0,0,0,57,6,17,0,0,0,0,21/09/2016 00:00,,,,
Beca18BecariosPorProvincia,Beca18 - Becarios por Provincia,Lista de becarios - Beca 18, agrupados por provincia.,BECAS DE ESTUDIOS,becas|becarios|provincia|beca18,25/09/2024 16:13,https://api.datosabiertos.pronabec.gob.pe/dashboards/Beca18BecariosPorProvincia,221,107,HUANUCO,LAURICOCHA,59,0,22,13,0,07,0,0,0,0,0,0,0,0,0,0,0,0,29,2,3,21/09/2016 00:00,,,,,
Beca18BecariosPorProvincia,Beca18 - Becarios por Provincia,Lista de becarios - Beca 18, agrupados por provincia.,BECAS DE ESTUDIOS,becas|becarios|provincia|beca18,25/09/2024 16:13,https://api.datosabiertos.pronabec.gob.pe/dashboards/Beca18BecariosPorProvincia,221,108,HUANUCO,YAROWILCA,74,0,28,59,0,3,0,0,0,0,0,0,0,0,0,0,0,0,0,0,21/09/2016 00:00,,,,,,
Beca18BecariosPorProvincia,Beca18 - Becarios por Provincia,Lista de becarios - Beca 18, agrupados por provincia.,BECAS DE ESTUDIOS,becas|becarios|provincia|beca18,25/09/2024 16:13,https://api.datosabiertos.pronabec.gob.pe/dashboards/Beca18BecariosPorProvincia,221,109,ICA,TOTAL,461,1,75,73,0,37,0,0,0,0,1,0,33,0,0,0,0,0,0,0,0,21/09/2016 00:00,,,,,
Beca18BecariosPorProvincia,Beca18 - Becarios por Provincia,Lista de becarios - Beca 18, agrupados por provincia.,BECAS DE ESTUDIOS,becas|becarios|provincia|beca18,25/09/2024 16:13,https://api.datosabiertos.pronabec.gob.pe/dashboards/Beca18BecariosPorProvincia,221,110,ICA,ICA,107,0,41,417,2,14,34,2,05,7,1,75,2,0,65,0,0,0,0,0,0,1,0,08,21/09/2016 00:00,,
Beca18BecariosPorProvincia,Beca18 - Becarios por Provincia,Lista de becarios - Beca 18, agrupados por provincia.,BECAS DE ESTUDIOS,becas|becarios|provincia|beca18,25/09/2024 16:13,https://api.datosabiertos.pronabec.gob.pe/dashboards/Beca18BecariosPorProvincia,221,111,ICA,CHINCHA,145,0,55,88,0,45,15,0,9,2,0,5,1,0,33,0,0,0,0,0,0,1,0,08,21/09/2016 00:00,,
Beca18BecariosPorProvincia,Beca18 - Becarios por Provincia,Lista de becarios - Beca 18, agrupados por provincia.,BECAS DE ESTUDIOS,becas|becarios|provincia|beca18,25/09/2024 16:13,https://api.datosabiertos.pronabec.gob.pe/dashboards/Beca18BecariosPorProvincia,221,112,ICA,NAZCA,57,0,22,135,0,69,5,0,3,5,1,25,0,0,0,0,0,0,0,0,0,0,21/09/2016 00:00,,,,
Beca18BecariosPorProvincia,Beca18 - Becarios por Provincia,Lista de becarios - Beca 18, agrupados por provincia.,BECAS DE ESTUDIOS,becas|becarios|provincia|beca18,25/09/2024 16:13,https://api.datosabiertos.pronabec.gob.pe/dashboards/Beca18BecariosPorProvincia,221,113,ICA,PALPA,12,0,05,53,0,27,3,0,18,0,0,1,0,33,0,0,0,0,0,0,0,0,21/09/2016 00:00,,,,
Beca18BecariosPorProvincia,Beca18 - Becarios por Provincia,Lista de becarios - Beca 18, agrupados por provincia.,BECAS DE ESTUDIOS,becas|becarios|provincia|beca18,25/09/2024 16:13,https://api.datosabiertos.pronabec.gob.pe/dashboards/Beca18BecariosPorProvincia,221,114,ICA,PISCO,140,0,53,11,0,06,1,0,06,0,0,0,0,0,0,0,0,0,0,0,0,21/09/2016 00:00,,,,,
Beca18BecariosPorProvincia,Beca18 - Becarios por Provincia,Lista de becarios - Beca 18, agrupados por provincia.,BECAS DE ESTUDIOS,becas|becarios|provincia|beca18,25/09/2024 16:13,https://api.datosabiertos.pronabec.gob.pe/dashboards/Beca18BecariosPorProvincia,221,115,ICA,JUNIN,1824,6,94,130,0,67,10,0,6,0,0,0,0,0,0,0,0,0,0,0,0,21/09/2016 00:00,,,,,
Beca18BecariosPorProvincia,Beca18 - Becarios por Provincia,Lista de becarios - Beca 18, agrupados por provincia.,BECAS DE ESTUDIOS,becas|becarios|provincia|beca18,25/09/2024 16:13,https://api.datosabiertos.pronabec.gob.pe/dashboards/Beca18BecariosPorProvincia,221,116,HUANCAYO,TOTAL,475,1,81,1086,5,57,88,5,29,11,2,75,60,19,54,402,22,45,0,0,13,3,11,164,13,03,21/09/2016 00:00
Beca18BecariosPorProvincia,Beca18 - Becarios por Provincia,Lista de becarios - Beca 18, agrupados por provincia.,BECAS DE ESTUDIOS,becas|becarios|provincia|beca18,25/09/2024 16:13,https://api.datosabiertos.pronabec.gob.pe/dashboards/Beca18BecariosPorProvincia,221,117,HUANCAYO,CONCEPCION,125,0,48,335,1,72,27,1,62,6,1,5,37,12,05,70,3,91,0,0,0,0,0,0,21/09/2016 00:00,,
Beca18BecariosPorProvincia,Beca18 - Becarios por Provincia,Lista de becarios - Beca 18, agrupados por provincia.,BECAS DE ESTUDIOS,becas|becarios|provincia|beca18,25/09/2024 16:13,https://api.datosabiertos.pronabec.gob.pe/dashboards/Beca18BecariosPorProvincia,221,118,HUANCAYO,CHANCHAMAYO,178,0,68,105,0,54,3,0,18,0,0,1,0,33,16,0,89,0,0,0,0,0,0,21/09/2016 00:00,,,
Beca18BecariosPorProvincia,Beca18 - Becarios por Provincia,Lista de becarios - Beca 18, agrupados por provincia.,BECAS DE ESTUDIOS,becas|becarios|provincia|beca18,25/09/2024 16:13,https://api.datosabiertos.pronabec.gob.pe/dashboards/Beca18BecariosPorProvincia,221,119,HUANCAYO,JAUJA,217,0,83,85,0,44,16,0,96,3,0,75,3,0,98,0,0,0,0,0,0,71,5,64,21/09/2016 00:00,,
Beca18BecariosPorProvincia,Beca18 - Becarios por Provincia,Lista de becarios - Beca 18, agrupados por provincia.,BECAS DE ESTUDIOS,becas|becarios|provincia|beca18,25/09/2024 16:13,https://api.datosabiertos.pronabec.gob.pe/dashboards/Beca18BecariosPorProvincia,221,120,HUANCAYO,JUNIN,66,0,25,207,1,06,7,0,42,1,0,25,2,0,65,0,0,0,0,0,0,0,0,21/09/2016 00:00,,,
Beca18BecariosPorProvincia,Beca18 - Becarios por Provincia,Lista de becarios - Beca 18, agrupados por provincia.,BECAS DE ESTUDIOS,becas|becarios|provincia|beca18,25/09/2024 16:13,https://api.datosabiertos.pronabec.gob.pe/dashboards/Beca18BecariosPorProvincia,221,121,HUANCAYO,SATIPO,541,2,06,66,0,34,0,0,0,0,0,0,0,0,0,0,0,0,0,0,21/09/2016 00:00,,,,,,
Beca18BecariosPorProvincia,Beca18 - Becarios por Provincia,Lista de becarios - Beca 18, agrupados por provincia.,BECAS DE ESTUDIOS,becas|becarios|provincia|beca18,25/09/2024 16:13,https://api.datosabiertos.pronabec.gob.pe/dashboards/Beca18BecariosPorProvincia,221,122,HUANCAYO,TARMA,86,0,33,78,0,4,27,1,62,0,0,14,4,56,316,17,64,0,0,13,3,11,93,7,39,21/09/2016 00:00,
Beca18BecariosPorProvincia,Beca18 - Becarios por Provincia,Lista de becarios - Beca 18, agrupados por provincia.,BECAS DE ESTUDIOS,becas|becarios|provincia|beca18,25/09/2024 16:13,https://api.datosabiertos.pronabec.gob.pe/dashboards/Beca18BecariosPorProvincia,221,123,HUANCAYO,YAULI,39,0,15,83,0,43,2,0,12,1,0,25,0,0,0,0,0,0,0,0,0,0,21/09/2016 00:00,,,,
Beca18BecariosPorProvincia,Beca18 - Becarios por Provincia,Lista de becarios - Beca 18, agrupados por provincia.,BECAS DE ESTUDIOS,becas|becarios|provincia|beca18,25/09/2024 16:13,https://api.datosabiertos.pronabec.gob.pe/dashboards/Beca18BecariosPorProvincia,221,124,HUANCAYO,CHUPACA,97,0,37,37,0,19,2,0,12,0,0,0,0,0,0,0,0,0,0,0,0,21/09/2016 00:00,,,,,
Beca18BecariosPorProvincia,Beca18 - Becarios por Provincia,Lista de becarios - Beca 18, agrupados por provincia.,BECAS DE ESTUDIOS,becas|becarios|provincia|beca18,25/09/2024 16:13,https://api.datosabiertos.pronabec.gob.pe/dashboards/Beca18BecariosPorProvincia,221,125,LA LIBERTAD,LA LIBERTAD,1040,3,96,90,0,46,4,0,24,0,0,3,0,98,0,0,0,0,0,0,0,0,21/09/2016 00:00,,,,
Beca18BecariosPorProvincia,Beca18 - Becarios por Provincia,Lista de becarios - Beca 18, agrupados por provincia.,BECAS DE ESTUDIOS,becas|becarios|provincia|beca18,25/09/2024 16:13,https://api.datosabiertos.pronabec.gob.pe/dashboards/Beca18BecariosPorProvincia,221,126,TRUJILLO,TOTAL,235,0,89,1017,5,21,21,1,26,1,0,25,1,0,33,0,0,0,0,0,0,0,0,21/09/2016 00:00,,,
Beca18BecariosPorProvincia,Beca18 - Becarios por Provincia,Lista de becarios - Beca 18, agrupados por provincia.,BECAS DE ESTUDIOS,becas|becarios|provincia|beca18,25/09/2024 16:13,https://api.datosabiertos.pronabec.gob.pe/dashboards/Beca18BecariosPorProvincia,221,127,TRUJILLO,ASCOPE,104,0,4,221,1,13,12,0,72,1,0,25,1,0,33,0,0,0,0,0,0,0,0,21/09/2016 00:00,,,
Beca18BecariosPorProvincia,Beca18 - Becarios por Provincia,Lista de becarios - Beca 18, agrupados por provincia.,BECAS DE ESTUDIOS,becas|becarios|provincia|beca18,25/09/2024 16:13,https://api.datosabiertos.pronabec.gob.pe/dashboards/Beca18BecariosPorProvincia,221,128,TRUJILLO,BOLIVAR,26,0,1,102,0,52,2,0,12,0,0,0,0,0,0,0,0,0,0,0,0,21/09/2016 00:00,,,,,
Beca18BecariosPorProvincia,Beca18 - Becarios por Provincia,Lista de becarios - Beca 18, agrupados por provincia.,BECAS DE ESTUDIOS,becas|becarios|provincia|beca18,25/09/2024 16:13,https://api.datosabiertos.pronabec.gob.pe/dashboards/Beca18BecariosPorProvincia,221,129,TRUJILLO,CHEPEN,48,0,18,26,0,13,0,0,0,0,0,0,0,0,0,0,0,0,0,0,21/09/2016 00:00,,,,,,
Beca18BecariosPorProvincia,Beca18 - Becarios por Provincia,Lista de becarios - Beca 18, agrupados por provincia.,BECAS DE ESTUDIOS,becas|becarios|provincia|beca18,25/09/2024 16:13,https://api.datosabiertos.pronabec.gob.pe/dashboards/Beca18BecariosPorProvincia,221,130,TRUJILLO,JULCAN,49,0,19,47,0,24,1,0,06,0,0,0,0,0,0,0,0,0,0,0,0,21/09/2016 00:00,,,,,
Beca18BecariosPorProvincia,Beca18 - Becarios por Provincia,Lista de becarios - Beca 18, agrupados por provincia.,BECAS DE ESTUDIOS,becas|becarios|provincia|beca18,25/09/2024 16:13,https://api.datosabiertos.pronabec.gob.pe/dashboards/Beca18BecariosPorProvincia,221,131,TRUJILLO,OTUZCO,60,0,23,49,0,25,0,0,0,0,0,0,0,0,0,0,0,0,0,0,21/09/2016 00:00,,,,,,
Beca18BecariosPorProvincia,Beca18 - Becarios por Provincia,Lista de becarios - Beca 18, agrupados por provincia.,BECAS DE ESTUDIOS,becas|becarios|provincia|beca18,25/09/2024 16:13,https://api.datosabiertos.pronabec.gob.pe/dashboards/Beca18BecariosPorProvincia,221,132,TRUJILLO,PACASMAYO,48,0,18,60,0,31,0,0,0,0,0,0,0,0,0,0,0,0,0,0,21/09/2016 00:00,,,,,,
Beca18BecariosPorProvincia,Beca18 - Becarios por Provincia,Lista de becarios - Beca 18, agrupados por provincia.,BECAS DE ESTUDIOS,becas|becarios|provincia|beca18,25/09/2024 16:13,https://api.datosabiertos.pronabec.gob.pe/dashboards/Beca18BecariosPorProvincia,221,133,TRUJILLO,PATAZ,102,0,39,48,0,25,0,0,0,0,0,0,0,0,0,0,0,0,0,0,21/09/2016 00:00,,,,,,
Beca18BecariosPorProvincia,Beca18 - Becarios por Provincia,Lista de becarios - Beca 18, agrupados por provincia.,BECAS DE ESTUDIOS,becas|becarios|provincia|beca18,25/09/2024 16:13,https://api.datosabiertos.pronabec.gob.pe/dashboards/Beca18BecariosPorProvincia,221,134,TRUJILLO,SANCHEZ CARRION,218,0,83,102,0,52,0,0,0,0,0,0,0,0,0,0,0,0,0,0,21/09/2016 00:00,,,,,,
Beca18BecariosPorProvincia,Beca18 - Becarios por Provincia,Lista de becarios - Beca 18, agrupados por provincia.,BECAS DE ESTUDIOS,becas|becarios|provincia|beca18,25/09/2024 16:13,https://api.datosabiertos.pronabec.gob.pe/dashboards/Beca18BecariosPorProvincia,221,135,TRUJILLO,SANTIAGO DE CHUCO,88,0,33,213,1,09,5,0,3,0,0,0,0,0,0,0,0,0,0,0,0,21/09/2016 00:00,,,,,
Beca18BecariosPorProvincia,Beca18 - Becarios por Provincia,Lista de becarios - Beca 18, agrupados por provincia.,BECAS DE ESTUDIOS,becas|becarios|provincia|beca18,25/09/2024 16:13,https://api.datosabiertos.pronabec.gob.pe/dashboards/Beca18BecariosPorProvincia,221,136,TRUJILLO,GRAN CHIMU,18,0,07,88,0,45,0,0,0,0,0,0,0,0,0,0,0,0,0,0,21/09/2016 00:00,,,,,,
Beca18BecariosPorProvincia,Beca18 - Becarios por Provincia,Lista de becarios - Beca 18, agrupados por provincia.,BECAS DE ESTUDIOS,becas|becarios|provincia|beca18,25/09/2024 16:13,https://api.datosabiertos.pronabec.gob.pe/dashboards/Beca18BecariosPorProvincia,221,137,TRUJILLO,VIRU,44,0,17,18,0,09,0,0,0,0,0,0,0,0,0,0,0,0,0,0,21/09/2016 00:00,,,,,,
Beca18BecariosPorProvincia,Beca18 - Becarios por Provincia,Lista de becarios - Beca 18, agrupados por provincia.,BECAS DE ESTUDIOS,becas|becarios|provincia|beca18,25/09/2024 16:13,https://api.datosabiertos.pronabec.gob.pe/dashboards/Beca18BecariosPorProvincia,221,138,LAMBAYEQUE,TOTAL,789,3,43,0,22,1,0,06,0,0,0,0,0,0,0,0,0,0,0,0,21/09/2016 00:00,,,,,,
Beca18BecariosPorProvincia,Beca18 - Becarios por Provincia,Lista de becarios - Beca 18, agrupados por provincia.,BECAS DE ESTUDIOS,becas|becarios|provincia|beca18,25/09/2024 16:13,https://api.datosabiertos.pronabec.gob.pe/dashboards/Beca18BecariosPorProvincia,221,139,LAMBAYEQUE,CHICLAYO,353,1,34,723,3,71,57,3,43,2,0,5,1,0,33,1,0,06,0,0,5,1,2,0,0,21/09/2016 00:00,
Beca18BecariosPorProvincia,Beca18 - Becarios por Provincia,Lista de becarios - Beca 18, agrupados por provincia.,BECAS DE ESTUDIOS,becas|becarios|provincia|beca18,25/09/2024 16:13,https://api.datosabiertos.pronabec.gob.pe/dashboards/Beca18BecariosPorProvincia,221,140,LAMBAYEQUE,FERREÑAFE,162,0,62,319,1,64,31,1,87,2,0,5,1,0,33,0,0,0,0,0,0,0,0,21/09/2016 00:00,,,
Beca18BecariosPorProvincia,Beca18 - Becarios por Provincia,Lista de becarios - Beca 18, agrupados por provincia.,BECAS DE ESTUDIOS,becas|becarios|provincia|beca18,25/09/2024 16:13,https://api.datosabiertos.pronabec.gob.pe/dashboards/Beca18BecariosPorProvincia,221,141,LAMBAYEQUE,LAMBAYEQUE,274,1,04,152,0,78,4,0,24,0,0,0,0,1,0,06,0,0,5,1,2,0,0,21/09/2016 00:00,,,
Beca18BecariosPorProvincia,Beca18 - Becarios por Provincia,Lista de becarios - Beca 18, agrupados por provincia.,BECAS DE ESTUDIOS,becas|becarios|provincia|beca18,25/09/2024 16:13,https://api.datosabiertos.pronabec.gob.pe/dashboards/Beca18BecariosPorProvincia,221,142,LIMA,TOTAL,2857,10,88,252,1,29,22,1,32,0,0,0,0,0,0,0,0,0,0,0,0,21/09/2016 00:00,,,,,
Beca18BecariosPorProvincia,Beca18 - Becarios por Provincia,Lista de becarios - Beca 18, agrupados por provincia.,BECAS DE ESTUDIOS,becas|becarios|provincia|beca18,25/09/2024 16:13,https://api.datosabiertos.pronabec.gob.pe/dashboards/Beca18BecariosPorProvincia,221,143,LIMA,LIMA,2419,9,21,2320,11,89,367,22,08,83,20,75,82,26,71,3,0,17,0,0,0,0,2,0,16,21/09/2016 00:00,
Beca18BecariosPorProvincia,Beca18 - Becarios por Provincia,Lista de becarios - Beca 18, agrupados por provincia.,BECAS DE ESTUDIOS,becas|becarios|provincia|beca18,25/09/2024 16:13,https://api.datosabiertos.pronabec.gob.pe/dashboards/Beca18BecariosPorProvincia,221,144,LIMA,BARRANCA,19,0,07,1921,9,85,345,20,76,72,18,76,24,76,3,0,17,0,0,0,0,2,0,16,21/09/2016 00:00,,
Beca18BecariosPorProvincia,Beca18 - Becarios por Provincia,Lista de becarios - Beca 18, agrupados por provincia.,BECAS DE ESTUDIOS,becas|becarios|provincia|beca18,25/09/2024 16:13,https://api.datosabiertos.pronabec.gob.pe/dashboards/Beca18BecariosPorProvincia,221,145,LIMA,CAJATAMBO,35,0,13,16,0,08,2,0,12,1,0,25,0,0,0,0,0,0,0,0,0,0,21/09/2016 00:00,,,,
Beca18BecariosPorProvincia,Beca18 - Becarios por Provincia,Lista de becarios - Beca 18, agrupados por provincia.,BECAS DE ESTUDIOS,becas|becarios|provincia|beca18,25/09/2024 16:13,https://api.datosabiertos.pronabec.gob.pe/dashboards/Beca18BecariosPorProvincia,221,146,LIMA,CANTA,14,0,05,35,0,18,0,0,0,0,0,0,0,0,0,0,0,0,0,0,21/09/2016 00:00,,,,,,
Beca18BecariosPorProvincia,Beca18 - Becarios por Provincia,Lista de becarios - Beca 18, agrupados por provincia.,BECAS DE ESTUDIOS,becas|becarios|provincia|beca18,25/09/2024 16:13,https://api.datosabiertos.pronabec.gob.pe/dashboards/Beca18BecariosPorProvincia,221,147,LIMA,CAÑETE,103,0,39,14,0,07,0,0,0,0,0,0,0,0,0,0,0,0,0,0,21/09/2016 00:00,,,,,,
Beca18BecariosPorProvincia,Beca18 - Becarios por Provincia,Lista de becarios - Beca 18, agrupados por provincia.,BECAS DE ESTUDIOS,becas|becarios|provincia|beca18,25/09/2024 16:13,https://api.datosabiertos.pronabec.gob.pe/dashboards/Beca18BecariosPorProvincia,221,148,LIMA,HUARAL,59,0,22,91,0,47,9,0,54,1,0,25,2,0,65,0,0,0,0,0,0,0,0,21/09/2016 00:00,,,
Beca18BecariosPorProvincia,Beca18 - Becarios por Provincia,Lista de becarios - Beca 18, agrupados por provincia.,BECAS DE ESTUDIOS,becas|becarios|provincia|beca18,25/09/2024 16:13,https://api.datosabiertos.pronabec.gob.pe/dashboards/Beca18BecariosPorProvincia,221,149,LIMA,HUAROCHIRI,79,0,3,53,0,27,5,0,3,1,0,25,0,0,0,0,0,0,0,0,0,0,21/09/2016 00:00,,,,
Beca18BecariosPorProvincia,Beca18 - Becarios por Provincia,Lista de becarios - Beca 18, agrupados por provincia.,BECAS DE ESTUDIOS,becas|becarios|provincia|beca18,25/09/2024 16:13,https://api.datosabiertos.pronabec.gob.pe/dashboards/Beca18BecariosPorProvincia,221,150,LIMA,HUAURA,69,0,26,71,0,36,3,0,18,5,1,25,0,0,0,0,0,0,0,0,0,0,21/09/2016 00:00,,,,
Beca18BecariosPorProvincia,Beca18 - Becarios por Provincia,Lista de becarios - Beca 18, agrupados por provincia.,BECAS DE ESTUDIOS,becas|becarios|provincia|beca18,25/09/2024 16:13,https://api.datosabiertos.pronabec.gob.pe/dashboards/Beca18BecariosPorProvincia,221,51,AREQUIPA,HUANTA,323,1,23,23,0,12,0,0,0,0,0,0,0,0,0,0,1,0,24,0,0,21/09/2016 00:00,,,,,
Beca18BecariosPorProvincia,Beca18 - Becarios por Provincia,Lista de becarios - Beca 18, agrupados por provincia.,BECAS DE ESTUDIOS,becas|becarios|provincia|beca18,25/09/2024 16:13,https://api.datosabiertos.pronabec.gob.pe/dashboards/Beca18BecariosPorProvincia,221,52,AREQUIPA,LA MAR,205,0,78,31,0,16,16,0,96,0,0,14,4,56,227,12,67,0,0,35,8,37,0,0,21/09/2016 00:00,,
Beca18BecariosPorProvincia,Beca18 - Becarios por Provincia,Lista de becarios - Beca 18, agrupados por provincia.,BECAS DE ESTUDIOS,becas|becarios|provincia|beca18,25/09/2024 16:13,https://api.datosabiertos.pronabec.gob.pe/dashboards/Beca18BecariosPorProvincia,221,53,AREQUIPA,LUCANAS,207,0,79,30,0,15,4,0,24,0,0,9,2,93,154,8,6,0,0,8,1,91,0,0,21/09/2016 00:00,,
Beca18BecariosPorProvincia,Beca18 - Becarios por Provincia,Lista de becarios - Beca 18, agrupados por provincia.,BECAS DE ESTUDIOS,becas|becarios|provincia|beca18,25/09/2024 16:13,https://api.datosabiertos.pronabec.gob.pe/dashboards/Beca18BecariosPorProvincia,221,54,AREQUIPA,PARINACOCHAS,123,0,47,198,1,01,5,0,3,0,0,2,0,65,0,0,0,0,2,0,48,0,0,21/09/2016 00:00,,,
Beca18BecariosPorProvincia,Beca18 - Becarios por Provincia,Lista de becarios - Beca 18, agrupados por provincia.,BECAS DE ESTUDIOS,becas|becarios|provincia|beca18,25/09/2024 16:13,https://api.datosabiertos.pronabec.gob.pe/dashboards/Beca18BecariosPorProvincia,221,55,AREQUIPA,PAUCAR DEL SARA SARA,49,0,19,115,0,59,8,0,48,0,0,0,0,0,0,0,0,0,0,0,0,21/09/2016 00:00,,,,,
Beca18BecariosPorProvincia,Beca18 - Becarios por Provincia,Lista de becarios - Beca 18, agrupados por provincia.,BECAS DE ESTUDIOS,becas|becarios|provincia|beca18,25/09/2024 16:13,https://api.datosabiertos.pronabec.gob.pe/dashboards/Beca18BecariosPorProvincia,221,56,AREQUIPA,SUCRE,64,0,24,47,0,24,1,0,06,0,0,1,0,33,0,0,0,0,0,0,0,0,21/09/2016 00:00,,,,
Beca18BecariosPorProvincia,Beca18 - Becarios por Provincia,Lista de becarios - Beca 18, agrupados por provincia.,BECAS DE ESTUDIOS,becas|becarios|provincia|beca18,25/09/2024 16:13,https://api.datosabiertos.pronabec.gob.pe/dashboards/Beca18BecariosPorProvincia,221,57,AREQUIPA,VICTOR FAJARDO,49,0,19,64,0,33,0,0,0,0,0,0,0,0,0,0,0,0,0,0,21/09/2016 00:00,,,,,,
Beca18BecariosPorProvincia,Beca18 - Becarios por Provincia,Lista de becarios - Beca 18, agrupados por provincia.,BECAS DE ESTUDIOS,becas|becarios|provincia|beca18,25/09/2024 16:13,https://api.datosabiertos.pronabec.gob.pe/dashboards/Beca18BecariosPorProvincia,221,58,AREQUIPA,VILCAS HUAMAN,30,0,11,45,0,23,2,0,12,0,0,0,0,0,0,0,0,2,0,48,0,0,21/09/2016 00:00,,,,
Beca18BecariosPorProvincia,Beca18 - Becarios por Provincia,Lista de becarios - Beca 18, agrupados por provincia.,BECAS DE ESTUDIOS,becas|becarios|provincia|beca18,25/09/2024 16:13,https://api.datosabiertos.pronabec.gob.pe/dashboards/Beca18BecariosPorProvincia,221,59,CAJAMARCA,TOTAL,1531,5,83,26,0,13,1,0,06,0,0,3,0,98,0,0,0,0,0,0,0,0,21/09/2016 00:00,,,,
Beca18BecariosPorProvincia,Beca18 - Becarios por Provincia,Lista de becarios - Beca 18, agrupados por provincia.,BECAS DE ESTUDIOS,becas|becarios|provincia|beca18,25/09/2024 16:13,https://api.datosabiertos.pronabec.gob.pe/dashboards/Beca18BecariosPorProvincia,221,60,CAJAMARCA,CAJAMARCA,89,0,34,1482,7,6,37,2,23,1,0,25,1,0,33,0,0,0,0,0,0,10,0,79,21/09/2016 00:00,,
Beca18BecariosPorProvincia,Beca18 - Becarios por Provincia,Lista de becarios - Beca 18, agrupados por provincia.,BECAS DE ESTUDIOS,becas|becarios|provincia|beca18,25/09/2024 16:13,https://api.datosabiertos.pronabec.gob.pe/dashboards/Beca18BecariosPorProvincia,221,61,CAJAMARCA,CAJABAMBA,68,0,26,83,0,43,6,0,36,0,0,0,0,0,0,0,0,0,0,0,0,21/09/2016 00:00,,,,,
Beca18BecariosPorProvincia,Beca18 - Becarios por Provincia,Lista de becarios - Beca 18, agrupados por provincia.,BECAS DE ESTUDIOS,becas|becarios|provincia|beca18,25/09/2024 16:13,https://api.datosabiertos.pronabec.gob.pe/dashboards/Beca18BecariosPorProvincia,221,62,CAJAMARCA,CELENDIN,86,0,33,62,0,32,5,0,3,0,0,1,0,33,0,0,0,0,0,0,0,0,21/09/2016 00:00,,,,
Beca18BecariosPorProvincia,Beca18 - Becarios por Provincia,Lista de becarios - Beca 18, agrupados por provincia.,BECAS DE ESTUDIOS,becas|becarios|provincia|beca18,25/09/2024 16:13,https://api.datosabiertos.pronabec.gob.pe/dashboards/Beca18BecariosPorProvincia,221,63,CAJAMARCA,CHOTA,113,0,43,86,0,44,0,0,0,0,0,0,0,0,0,0,0,0,0,0,21/09/2016 00:00,,,,,,
Beca18BecariosPorProvincia,Beca18 - Becarios por Provincia,Lista de becarios - Beca 18, agrupados por provincia.,BECAS DE ESTUDIOS,becas|becarios|provincia|beca18,25/09/2024 16:13,https://api.datosabiertos.pronabec.gob.pe/dashboards/Beca18BecariosPorProvincia,221,64,CAJAMARCA,CONTUMAZA,39,0,15,108,0,55,5,0,3,0,0,0,0,0,0,0,0,0,0,0,0,21/09/2016 00:00,,,,,
Beca18BecariosPorProvincia,Beca18 - Becarios por Provincia,Lista de becarios - Beca 18, agrupados por provincia.,BECAS DE ESTUDIOS,becas|becarios|provincia|beca18,25/09/2024 16:13,https://api.datosabiertos.pronabec.gob.pe/dashboards/Beca18BecariosPorProvincia,221,65,CAJAMARCA,CUTERVO,393,1,5,38,0,19,1,0,06,0,0,0,0,0,0,0,0,0,0,0,0,21/09/2016 00:00,,,,,
Beca18BecariosPorProvincia,Beca18 - Becarios por Provincia,Lista de becarios - Beca 18, agrupados por provincia.,BECAS DE ESTUDIOS,becas|becarios|provincia|beca18,25/09/2024 16:13,https://api.datosabiertos.pronabec.gob.pe/dashboards/Beca18BecariosPorProvincia,221,66,CAJAMARCA,HUALGAYOC,52,0,2,393,2,01,0,0,0,0,0,0,0,0,0,0,0,0,0,0,21/09/2016 00:00,,,,,,
Beca18BecariosPorProvincia,Beca18 - Becarios por Provincia,Lista de becarios - Beca 18, agrupados por provincia.,BECAS DE ESTUDIOS,becas|becarios|provincia|beca18,25/09/2024 16:13,https://api.datosabiertos.pronabec.gob.pe/dashboards/Beca18BecariosPorProvincia,221,67,CAJAMARCA,JAEN,290,1,1,52,0,27,0,0,0,0,0,0,0,0,0,0,0,0,0,0,21/09/2016 00:00,,,,,,
Beca18BecariosPorProvincia,Beca18 - Becarios por Provincia,Lista de becarios - Beca 18, agrupados por provincia.,BECAS DE ESTUDIOS,becas|becarios|provincia|beca18,25/09/2024 16:13,https://api.datosabiertos.pronabec.gob.pe/dashboards/Beca18BecariosPorProvincia,221,68,CAJAMARCA,SAN IGNACIO,170,0,65,281,1,44,8,0,48,1,0,25,0,0,0,0,0,0,0,0,0,0,21/09/2016 00:00,,,,
Beca18BecariosPorProvincia,Beca18 - Becarios por Provincia,Lista de becarios - Beca 18, agrupados por provincia.,BECAS DE ESTUDIOS,becas|becarios|provincia|beca18,25/09/2024 16:13,https://api.datosabiertos.pronabec.gob.pe/dashboards/Beca18BecariosPorProvincia,221,69,CAJAMARCA,SAN MARCOS,48,0,18,149,0,76,11,0,66,0,0,0,0,0,0,0,0,0,0,10,0,79,21/09/2016 00:00,,,,
Beca18BecariosPorProvincia,Beca18 - Becarios por Provincia,Lista de becarios - Beca 18, agrupados por provincia.,BECAS DE ESTUDIOS,becas|becarios|provincia|beca18,25/09/2024 16:13,https://api.datosabiertos.pronabec.gob.pe/dashboards/Beca18BecariosPorProvincia,221,70,CAJAMARCA,SAN MIGUEL,66,0,25,48,0,25,0,0,0,0,0,0,0,0,0,0,0,0,0,0,21/09/2016 00:00,,,,,,
Beca18BecariosPorProvincia,Beca18 - Becarios por Provincia,Lista de becarios - Beca 18, agrupados por provincia.,BECAS DE ESTUDIOS,becas|becarios|provincia|beca18,25/09/2024 16:13,https://api.datosabiertos.pronabec.gob.pe/dashboards/Beca18BecariosPorProvincia,221,71,CAJAMARCA,SAN PABLO,25,0,1,65,0,33,1,0,06,0,0,0,0,0,0,0,0,0,0,0,0,21/09/2016 00:00,,,,,
Beca18BecariosPorProvincia,Beca18 - Becarios por Provincia,Lista de becarios - Beca 18, agrupados por provincia.,BECAS DE ESTUDIOS,becas|becarios|provincia|beca18,25/09/2024 16:13,https://api.datosabiertos.pronabec.gob.pe/dashboards/Beca18BecariosPorProvincia,221,72,CAJAMARCA,SANTA CRUZ,92,0,35,25,0,13,0,0,0,0,0,0,0,0,0,0,0,0,0,0,21/09/2016 00:00,,,,,,
Beca18BecariosPorProvincia,Beca18 - Becarios por Provincia,Lista de becarios - Beca 18, agrupados por provincia.,BECAS DE ESTUDIOS,becas|becarios|provincia|beca18,25/09/2024 16:13,https://api.datosabiertos.pronabec.gob.pe/dashboards/Beca18BecariosPorProvincia,221,73,CALLAO,TOTAL,486,1,85,92,0,47,0,0,0,0,0,0,0,0,0,0,0,0,0,0,21/09/2016 00:00,,,,,,
Beca18BecariosPorProvincia,Beca18 - Becarios por Provincia,Lista de becarios - Beca 18, agrupados por provincia.,BECAS DE ESTUDIOS,becas|becarios|provincia|beca18,25/09/2024 16:13,https://api.datosabiertos.pronabec.gob.pe/dashboards/Beca18BecariosPorProvincia,221,74,CALLAO,CALLAO,486,1,85,403,2,07,36,2,17,42,10,5,5,1,63,0,0,0,0,0,0,0,0,21/09/2016 00:00,,,
Beca18BecariosPorProvincia,Beca18 - Becarios por Provincia,Lista de becarios - Beca 18, agrupados por provincia.,BECAS DE ESTUDIOS,becas|becarios|provincia|beca18,25/09/2024 16:13,https://api.datosabiertos.pronabec.gob.pe/dashboards/Beca18BecariosPorProvincia,221,75,CUSCO,TOTAL,1914,7,29,403,2,07,36,2,17,42,10,5,5,1,63,0,0,0,0,0,0,0,0,21/09/2016 00:00,,,
Beca18BecariosPorProvincia,Beca18 - Becarios por Provincia,Lista de becarios - Beca 18, agrupados por provincia.,BECAS DE ESTUDIOS,becas|becarios|provincia|beca18,25/09/2024 16:13,https://api.datosabiertos.pronabec.gob.pe/dashboards/Beca18BecariosPorProvincia,221,76,CUSCO,CUSCO,187,0,71,1357,6,96,103,6,2,65,16,25,4,1,3,270,15,08,0,0,62,14,83,53,4,21,21/09/2016 00:00
Beca18BecariosPorProvincia,Beca18 - Becarios por Provincia,Lista de becarios - Beca 18, agrupados por provincia.,BECAS DE ESTUDIOS,becas|becarios|provincia|beca18,25/09/2024 16:13,https://api.datosabiertos.pronabec.gob.pe/dashboards/Beca18BecariosPorProvincia,221,77,CUSCO,ACOMAYO,63,0,24,128,0,66,24,1,44,33,8,25,1,0,33,0,0,0,0,1,0,24,0,0,21/09/2016 00:00,,
Beca18BecariosPorProvincia,Beca18 - Becarios por Provincia,Lista de becarios - Beca 18, agrupados por provincia.,BECAS DE ESTUDIOS,becas|becarios|provincia|beca18,25/09/2024 16:13,https://api.datosabiertos.pronabec.gob.pe/dashboards/Beca18BecariosPorProvincia,221,78,CUSCO,ANTA,66,0,25,58,0,3,3,0,18,1,0,25,0,0,0,0,0,0,1,0,24,0,0,21/09/2016 00:00,,,
Beca18BecariosPorProvincia,Beca18 - Becarios por Provincia,Lista de becarios - Beca 18, agrupados por provincia.,BECAS DE ESTUDIOS,becas|becarios|provincia|beca18,25/09/2024 16:13,https://api.datosabiertos.pronabec.gob.pe/dashboards/Beca18BecariosPorProvincia,221,79,CUSCO,CALCA,146,0,56,57,0,29,5,0,3,1,0,25,1,0,33,0,0,0,0,2,0,48,0,0,21/09/2016 00:00,,
Beca18BecariosPorProvincia,Beca18 - Becarios por Provincia,Lista de becarios - Beca 18, agrupados por provincia.,BECAS DE ESTUDIOS,becas|becarios|provincia|beca18,25/09/2024 16:13,https://api.datosabiertos.pronabec.gob.pe/dashboards/Beca18BecariosPorProvincia,221,80,CUSCO,CANAS,136,0,52,132,0,68,10,0,6,3,0,75,0,0,0,0,0,0,1,0,24,0,0,21/09/2016 00:00,,,
Beca18BecariosPorProvincia,Beca18 - Becarios por Provincia,Lista de becarios - Beca 18, agrupados por provincia.,BECAS DE ESTUDIOS,becas|becarios|provincia|beca18,25/09/2024 16:13,https://api.datosabiertos.pronabec.gob.pe/dashboards/Beca18BecariosPorProvincia,221,81,CUSCO,CANCHIS,227,0,86,116,0,59,5,0,3,7,1,75,1,0,33,0,0,0,0,7,1,67,0,0,21/09/2016 00:00,,
Beca18BecariosPorProvincia,Beca18 - Becarios por Provincia,Lista de becarios - Beca 18, agrupados por provincia.,BECAS DE ESTUDIOS,becas|becarios|provincia|beca18,25/09/2024 16:13,https://api.datosabiertos.pronabec.gob.pe/dashboards/Beca18BecariosPorProvincia,221,82,CUSCO,CHUMBIVILCAS,208,0,79,195,1,11,0,66,0,0,1,0,33,0,0,0,0,20,4,78,0,0,21/09/2016 00:00,,,,
Beca18BecariosPorProvincia,Beca18 - Becarios por Provincia,Lista de becarios - Beca 18, agrupados por provincia.,BECAS DE ESTUDIOS,becas|becarios|provincia|beca18,25/09/2024 16:13,https://api.datosabiertos.pronabec.gob.pe/dashboards/Beca18BecariosPorProvincia,221,83,CUSCO,ESPINAR,121,0,46,189,0,97,9,0,54,0,0,0,0,0,0,0,0,10,2,39,0,0,21/09/2016 00:00,,,,
Beca18BecariosPorProvincia,Beca18 - Becarios por Provincia,Lista de becarios - Beca 18, agrupados por provincia.,BECAS DE ESTUDIOS,becas|becarios|provincia|beca18,25/09/2024 16:13,https://api.datosabiertos.pronabec.gob.pe/dashboards/Beca18BecariosPorProvincia,221,84,CUSCO,LA CONVENCION,367,1,4,115,0,59,6,0,36,0,0,0,0,0,0,0,0,0,0,0,0,21/09/2016 00:00,,,,,
Beca18BecariosPorProvincia,Beca18 - Becarios por Provincia,Lista de becarios - Beca 18, agrupados por provincia.,BECAS DE ESTUDIOS,becas|becarios|provincia|beca18,25/09/2024 16:13,https://api.datosabiertos.pronabec.gob.pe/dashboards/Beca18BecariosPorProvincia,221,85,CUSCO,PARURO,93,0,35,25,0,13,9,0,54,1,0,25,0,0,270,15,08,0,0,11,2,63,51,4,05,21/09/2016 00:00,
Beca18BecariosPorProvincia,Beca18 - Becarios por Provincia,Lista de becarios - Beca 18, agrupados por provincia.,BECAS DE ESTUDIOS,becas|becarios|provincia|beca18,25/09/2024 16:13,https://api.datosabiertos.pronabec.gob.pe/dashboards/Beca18BecariosPorProvincia,221,86,CUSCO,PAUCARTAMBO,93,0,35,87,0,45,3,0,18,0,0,0,0,0,0,0,0,3,0,72,0,0,21/09/2016 00:00,,,,
Beca18BecariosPorProvincia,Beca18 - Becarios por Provincia,Lista de becarios - Beca 18, agrupados por provincia.,BECAS DE ESTUDIOS,becas|becarios|provincia|beca18,25/09/2024 16:13,https://api.datosabiertos.pronabec.gob.pe/dashboards/Beca18BecariosPorProvincia,221,87,CUSCO,QUISPICANCHI,152,0,58,84,0,43,7,0,42,0,0,0,0,0,0,0,0,0,0,2,0,16,21/09/2016 00:00,,,,
Beca18BecariosPorProvincia,Beca18 - Becarios por Provincia,Lista de becarios - Beca 18, agrupados por provincia.,BECAS DE ESTUDIOS,becas|becarios|provincia|beca18,25/09/2024 16:13,https://api.datosabiertos.pronabec.gob.pe/dashboards/Beca18BecariosPorProvincia,221,88,CUSCO,URUBAMBA,55,0,21,132,0,68,8,0,48,10,2,5,0,0,0,0,0,0,2,0,48,0,0,21/09/2016 00:00,,,
Beca18BecariosPorProvincia,Beca18 - Becarios por Provincia,Lista de becarios - Beca 18, agrupados por provincia.,BECAS DE ESTUDIOS,becas|becarios|provincia|beca18,25/09/2024 16:13,https://api.datosabiertos.pronabec.gob.pe/dashboards/Beca18BecariosPorProvincia,221,89,HUANCAVELICA,TOTAL,1545,5,88,39,0,2,3,0,18,9,2,25,0,0,0,0,0,0,4,0,96,0,0,21/09/2016 00:00,,,
Beca18BecariosPorProvincia,Beca18 - Becarios por Provincia,Lista de becarios - Beca 18, agrupados por provincia.,BECAS DE ESTUDIOS,becas|becarios|provincia|beca18,25/09/2024 16:13,https://api.datosabiertos.pronabec.gob.pe/dashboards/Beca18BecariosPorProvincia,221,90,HUANCAVELICA,HUANCAVELICA,353,1,34,914,4,69,33,1,99,1,0,25,17,5,54,519,28,98,0,0,61,14,59,0,0,21/09/2016 00:00,
Beca18BecariosPorProvincia,Beca18 - Becarios por Provincia,Lista de becarios - Beca 18, agrupados por provincia.,BECAS DE ESTUDIOS,becas|becarios|provincia|beca18,25/09/2024 16:13,https://api.datosabiertos.pronabec.gob.pe/dashboards/Beca18BecariosPorProvincia,221,91,HUANCAVELICA,ACOBAMBA,107,0,41,310,1,59,13,0,78,1,0,25,4,1,3,0,0,0,0,25,5,98,0,0,21/09/2016 00:00,,
Beca18BecariosPorProvincia,Beca18 - Becarios por Provincia,Lista de becarios - Beca 18, agrupados por provincia.,BECAS DE ESTUDIOS,becas|becarios|provincia|beca18,25/09/2024 16:13,https://api.datosabiertos.pronabec.gob.pe/dashboards/Beca18BecariosPorProvincia,221,92,HUANCAVELICA,ANGARAES,121,0,46,95,0,49,3,0,18,0,0,2,0,65,0,0,0,0,7,1,67,0,0,21/09/2016 00:00,,,
Beca18BecariosPorProvincia,Beca18 - Becarios por Provincia,Lista de becarios - Beca 18, agrupados por provincia.,BECAS DE ESTUDIOS,becas|becarios|provincia|beca18,25/09/2024 16:13,https://api.datosabiertos.pronabec.gob.pe/dashboards/Beca18BecariosPorProvincia,221,93,HUANCAVELICA,CASTROVIRREYNA,85,0,32,100,0,51,5,0,3,0,0,0,0,0,0,0,0,16,3,83,0,0,21/09/2016 00:00,,,,
Beca18BecariosPorProvincia,Beca18 - Becarios por Provincia,Lista de becarios - Beca 18, agrupados por provincia.,BECAS DE ESTUDIOS,becas|becarios|provincia|beca18,25/09/2024 16:13,https://api.datosabiertos.pronabec.gob.pe/dashboards/Beca18BecariosPorProvincia,221,94,HUANCAVELICA,CHURCAMPA,129,0,49,79,0,4,1,0,06,0,0,3,0,98,0,0,0,0,2,0,48,0,0,21/09/2016 00:00,,,
Beca18BecariosPorProvincia,Beca18 - Becarios por Provincia,Lista de becarios - Beca 18, agrupados por provincia.,BECAS DE ESTUDIOS,becas|becarios|provincia|beca18,25/09/2024 16:13,https://api.datosabiertos.pronabec.gob.pe/dashboards/Beca18BecariosPorProvincia,221,95,HUANCAVELICA,HUAYTARA,89,0,34,55,0,28,2,0,12,0,0,1,0,33,70,3,91,0,0,1,0,24,0,0,21/09/2016 00:00,,
Beca18BecariosPorProvincia,Beca18 - Becarios por Provincia,Lista de becarios - Beca 18, agrupados por provincia.,BECAS DE ESTUDIOS,becas|becarios|provincia|beca18,25/09/2024 16:13,https://api.datosabiertos.pronabec.gob.pe/dashboards/Beca18BecariosPorProvincia,221,96,HUANCAVELICA,TAYACAJA,661,2,52,88,0,45,1,0,06,0,0,0,0,0,0,0,0,0,0,0,0,21/09/2016 00:00,,,,,
Beca18BecariosPorProvincia,Beca18 - Becarios por Provincia,Lista de becarios - Beca 18, agrupados por provincia.,BECAS DE ESTUDIOS,becas|becarios|provincia|beca18,25/09/2024 16:13,https://api.datosabiertos.pronabec.gob.pe/dashboards/Beca18BecariosPorProvincia,221,97,HUANUCO,TOTAL,1245,4,74,187,0,96,8,0,48,0,0,7,2,28,449,25,07,0,0,10,2,39,0,0,21/09/2016 00:00,,
Beca18BecariosPorProvincia,Beca18 - Becarios por Provincia,Lista de becarios - Beca 18, agrupados por provincia.,BECAS DE ESTUDIOS,becas|becarios|provincia|beca18,25/09/2024 16:13,https://api.datosabiertos.pronabec.gob.pe/dashboards/Beca18BecariosPorProvincia,221,98,HUANUCO,HUANUCO,339,1,29,735,3,77,26,1,56,2,0,5,40,13,03,0,0,408,44,16,3,0,72,31,2,46,21/09/2016 00:00
Beca18BecariosPorProvincia,Beca18 - Becarios por Provincia,Lista de becarios - Beca 18, agrupados por provincia.,BECAS DE ESTUDIOS,becas|becarios|provincia|beca18,25/09/2024 16:13,https://api.datosabiertos.pronabec.gob.pe/dashboards/Beca18BecariosPorProvincia,221,99,HUANUCO,AMBO,90,0,34,243,1,25,11,0,66,2,0,5,22,7,17,0,0,59,6,39,0,0,2,0,16,21/09/2016 00:00,
Beca18BecariosPorProvincia,Beca18 - Becarios por Provincia,Lista de becarios - Beca 18, agrupados por provincia.,BECAS DE ESTUDIOS,becas|becarios|provincia|beca18,25/09/2024 16:13,https://api.datosabiertos.pronabec.gob.pe/dashboards/Beca18BecariosPorProvincia,221,100,HUANUCO,DOS DE MAYO,108,0,41,81,0,42,2,0,12,0,0,3,0,98,0,0,2,0,22,2,0,48,0,0,21/09/2016 00:00,,
Beca18BecariosPorProvincia,Beca18 - Becarios por Provincia,Lista de becarios - Beca 18, agrupados por provincia.,BECAS DE ESTUDIOS,becas|becarios|provincia|beca18,25/09/2024 16:08,https://api.datosabiertos.pronabec.gob.pe/dashboards/Beca18BecariosPorProvincia,221,1,AMAZONAS,TOTAL,900,3,43,647,3,32,24,1,44,2,0,5,0,0,0,0,0,0,18,4,31,209,16,6,21/09/2016 00:00,,
Beca18BecariosPorProvincia,Beca18 - Becarios por Provincia,Lista de becarios - Beca 18, agrupados por provincia.,BECAS DE ESTUDIOS,becas|becarios|provincia|beca18,25/09/2024 16:08,https://api.datosabiertos.pronabec.gob.pe/dashboards/Beca18BecariosPorProvincia,221,2,AMAZONAS,CHACHAPOYAS,72,0,27,647,3,32,24,1,44,2,0,5,0,0,0,0,0,0,18,4,31,209,16,6,21/09/2016 00:00,,
Beca18BecariosPorProvincia,Beca18 - Becarios por Provincia,Lista de becarios - Beca 18, agrupados por provincia.,BECAS DE ESTUDIOS,becas|becarios|provincia|beca18,25/09/2024 16:08,https://api.datosabiertos.pronabec.gob.pe/dashboards/Beca18BecariosPorProvincia,221,3,AMAZONAS,BAGUA,238,0,91,66,0,34,6,0,36,0,0,0,0,0,0,0,0,0,0,0,0,21/09/2016 00:00,,,,,
Beca18BecariosPorProvincia,Beca18 - Becarios por Provincia,Lista de becarios - Beca 18, agrupados por provincia.,BECAS DE ESTUDIOS,becas|becarios|provincia|beca18,25/09/2024 16:08,https://api.datosabiertos.pronabec.gob.pe/dashboards/Beca18BecariosPorProvincia,221,4,AMAZONAS,BONGARA,64,0,24,128,0,66,4,0,24,0,0,0,0,0,0,0,0,11,2,63,95,7,55,21/09/2016 00:00,,,
Beca18BecariosPorProvincia,Beca18 - Becarios por Provincia,Lista de becarios - Beca 18, agrupados por provincia.,BECAS DE ESTUDIOS,becas|becarios|provincia|beca18,25/09/2024 16:08,https://api.datosabiertos.pronabec.gob.pe/dashboards/Beca18BecariosPorProvincia,221,5,AMAZONAS,CONDORCANQUI,132,0,5,62,0,32,2,0,12,0,0,0,0,0,0,0,0,0,0,0,0,21/09/2016 00:00,,,,,
Beca18BecariosPorProvincia,Beca18 - Becarios por Provincia,Lista de becarios - Beca 18, agrupados por provincia.,BECAS DE ESTUDIOS,becas|becarios|provincia|beca18,25/09/2024 16:08,https://api.datosabiertos.pronabec.gob.pe/dashboards/Beca18BecariosPorProvincia,221,6,AMAZONAS,LUYA,87,0,33,9,0,05,2,0,12,0,0,0,0,0,0,0,0,7,1,67,114,9,05,21/09/2016 00:00,,,
Beca18BecariosPorProvincia,Beca18 - Becarios por Provincia,Lista de becarios - Beca 18, agrupados por provincia.,BECAS DE ESTUDIOS,becas|becarios|provincia|beca18,25/09/2024 16:08,https://api.datosabiertos.pronabec.gob.pe/dashboards/Beca18BecariosPorProvincia,221,7,AMAZONAS,RODRIGUEZ DE MENDOZA,61,0,23,84,0,43,2,0,12,1,0,25,0,0,0,0,0,0,0,0,0,0,21/09/2016 00:00,,,,
Beca18BecariosPorProvincia,Beca18 - Becarios por Provincia,Lista de becarios - Beca 18, agrupados por provincia.,BECAS DE ESTUDIOS,becas|becarios|provincia|beca18,25/09/2024 16:08,https://api.datosabiertos.pronabec.gob.pe/dashboards/Beca18BecariosPorProvincia,221,8,AMAZONAS,UTCUBAMBA,246,0,94,60,0,31,0,0,1,0,25,0,0,0,0,0,0,0,0,0,0,21/09/2016 00:00,,,,,
Beca18BecariosPorProvincia,Beca18 - Becarios por Provincia,Lista de becarios - Beca 18, agrupados por provincia.,BECAS DE ESTUDIOS,becas|becarios|provincia|beca18,25/09/2024 16:08,https://api.datosabiertos.pronabec.gob.pe/dashboards/Beca18BecariosPorProvincia,221,9,ANCASH,TOTAL,1153,4,39,238,1,22,8,0,48,0,0,0,0,0,0,0,0,0,0,0,0,21/09/2016 00:00,,,,,
Beca18BecariosPorProvincia,Beca18 - Becarios por Provincia,Lista de becarios - Beca 18, agrupados por provincia.,BECAS DE ESTUDIOS,becas|becarios|provincia|beca18,25/09/2024 16:08,https://api.datosabiertos.pronabec.gob.pe/dashboards/Beca18BecariosPorProvincia,221,10,ANCASH,HUARAZ,65,0,25,1125,5,77,19,1,14,9,2,25,0,0,0,0,0,0,0,0,0,0,21/09/2016 00:00,,,,
Beca18BecariosPorProvincia,Beca18 - Becarios por Provincia,Lista de becarios - Beca 18, agrupados por provincia.,BECAS DE ESTUDIOS,becas|becarios|provincia|beca18,25/09/2024 16:08,https://api.datosabiertos.pronabec.gob.pe/dashboards/Beca18BecariosPorProvincia,221,11,ANCASH,AIJA,21,0,08,60,0,31,2,0,12,3,0,75,0,0,0,0,0,0,0,0,0,0,21/09/2016 00:00,,,,
Beca18BecariosPorProvincia,Beca18 - Becarios por Provincia,Lista de becarios - Beca 18, agrupados por provincia.,BECAS DE ESTUDIOS,becas|becarios|provincia|beca18,25/09/2024 16:08,https://api.datosabiertos.pronabec.gob.pe/dashboards/Beca18BecariosPorProvincia,221,12,ANCASH,ANTONIO RAYMONDI,111,0,42,21,0,11,0,0,0,0,0,0,0,0,0,0,0,0,0,0,21/09/2016 00:00,,,,,,
Beca18BecariosPorProvincia,Beca18 - Becarios por Provincia,Lista de becarios - Beca 18, agrupados por provincia.,BECAS DE ESTUDIOS,becas|becarios|provincia|beca18,25/09/2024 16:08,https://api.datosabiertos.pronabec.gob.pe/dashboards/Beca18BecariosPorProvincia,221,13,ANCASH,ASUNCION,33,0,13,110,0,56,0,0,1,0,25,0,0,0,0,0,0,0,0,0,0,21/09/2016 00:00,,,,,
Beca18BecariosPorProvincia,Beca18 - Becarios por Provincia,Lista de becarios - Beca 18, agrupados por provincia.,BECAS DE ESTUDIOS,becas|becarios|provincia|beca18,25/09/2024 16:08,https://api.datosabiertos.pronabec.gob.pe/dashboards/Beca18BecariosPorProvincia,221,14,ANCASH,BOLOGNESI,39,0,15,33,0,17,0,0,0,0,0,0,0,0,0,0,0,0,0,0,21/09/2016 00:00,,,,,,
Beca18BecariosPorProvincia,Beca18 - Becarios por Provincia,Lista de becarios - Beca 18, agrupados por provincia.,BECAS DE ESTUDIOS,becas|becarios|provincia|beca18,25/09/2024 16:08,https://api.datosabiertos.pronabec.gob.pe/dashboards/Beca18BecariosPorProvincia,221,15,ANCASH,CARHUAZ,56,0,21,36,0,18,0,0,3,0,75,0,0,0,0,0,0,0,0,0,0,21/09/2016 00:00,,,,,
Beca18BecariosPorProvincia,Beca18 - Becarios por Provincia,Lista de becarios - Beca 18, agrupados por provincia.,BECAS DE ESTUDIOS,becas|becarios|provincia|beca18,25/09/2024 16:08,https://api.datosabiertos.pronabec.gob.pe/dashboards/Beca18BecariosPorProvincia,221,16,ANCASH,CARLOS FERMIN FITZCARRALD,85,0,32,55,0,28,1,0,06,0,0,0,0,0,0,0,0,0,0,0,0,21/09/2016 00:00,,,,,
Beca18BecariosPorProvincia,Beca18 - Becarios por Provincia,Lista de becarios - Beca 18, agrupados por provincia.,BECAS DE ESTUDIOS,becas|becarios|provincia|beca18,25/09/2024 16:08,https://api.datosabiertos.pronabec.gob.pe/dashboards/Beca18BecariosPorProvincia,221,17,ANCASH,CASMA,40,0,15,84,0,43,1,0,06,0,0,0,0,0,0,0,0,0,0,0,0,21/09/2016 00:00,,,,,
Beca18BecariosPorProvincia,Beca18 - Becarios por Provincia,Lista de becarios - Beca 18, agrupados por provincia.,BECAS DE ESTUDIOS,becas|becarios|provincia|beca18,25/09/2024 16:08,https://api.datosabiertos.pronabec.gob.pe/dashboards/Beca18BecariosPorProvincia,221,18,ANCASH,CORONGO,40,0,15,38,0,19,2,0,12,0,0,0,0,0,0,0,0,0,0,0,0,21/09/2016 00:00,,,,,
Beca18BecariosPorProvincia,Beca18 - Becarios por Provincia,Lista de becarios - Beca 18, agrupados por provincia.,BECAS DE ESTUDIOS,becas|becarios|provincia|beca18,25/09/2024 16:08,https://api.datosabiertos.pronabec.gob.pe/dashboards/Beca18BecariosPorProvincia,221,19,ANCASH,HUARI,79,0,3,40,0,21,0,0,0,0,0,0,0,0,0,0,0,0,0,0,21/09/2016 00:00,,,,,,
Beca18BecariosPorProvincia,Beca18 - Becarios por Provincia,Lista de becarios - Beca 18, agrupados por provincia.,BECAS DE ESTUDIOS,becas|becarios|provincia|beca18,25/09/2024 16:08,https://api.datosabiertos.pronabec.gob.pe/dashboards/Beca18BecariosPorProvincia,221,20,ANCASH,HUARMEY,17,0,06,77,0,39,0,0,2,0,5,0,0,0,0,0,0,0,0,0,0,21/09/2016 00:00,,,,,
Beca18BecariosPorProvincia,Beca18 - Becarios por Provincia,Lista de becarios - Beca 18, agrupados por provincia.,BECAS DE ESTUDIOS,becas|becarios|provincia|beca18,25/09/2024 16:08,https://api.datosabiertos.pronabec.gob.pe/dashboards/Beca18BecariosPorProvincia,221,21,ANCASH,HUAYLAS,53,0,2,17,0,09,0,0,0,0,0,0,0,0,0,0,0,0,0,0,21/09/2016 00:00,,,,,,
Beca18BecariosPorProvincia,Beca18 - Becarios por Provincia,Lista de becarios - Beca 18, agrupados por provincia.,BECAS DE ESTUDIOS,becas|becarios|provincia|beca18,25/09/2024 16:08,https://api.datosabiertos.pronabec.gob.pe/dashboards/Beca18BecariosPorProvincia,221,22,ANCASH,MARISCAL LUZURIAGA,70,0,27,48,0,25,5,0,3,0,0,0,0,0,0,0,0,0,0,0,0,21/09/2016 00:00,,,,,
Beca18BecariosPorProvincia,Beca18 - Becarios por Provincia,Lista de becarios - Beca 18, agrupados por provincia.,BECAS DE ESTUDIOS,becas|becarios|provincia|beca18,25/09/2024 16:08,https://api.datosabiertos.pronabec.gob.pe/dashboards/Beca18BecariosPorProvincia,221,23,ANCASH,OCROS,14,0,05,69,0,35,1,0,06,0,0,0,0,0,0,0,0,0,0,0,0,21/09/2016 00:00,,,,,
Beca18BecariosPorProvincia,Beca18 - Becarios por Provincia,Lista de becarios - Beca 18, agrupados por provincia.,BECAS DE ESTUDIOS,becas|becarios|provincia|beca18,25/09/2024 16:08,https://api.datosabiertos.pronabec.gob.pe/dashboards/Beca18BecariosPorProvincia,221,24,ANCASH,PALLASCA,81,0,31,14,0,07,0,0,0,0,0,0,0,0,0,0,0,0,0,0,21/09/2016 00:00,,,,,,
Beca18BecariosPorProvincia,Beca18 - Becarios por Provincia,Lista de becarios - Beca 18, agrupados por provincia.,BECAS DE ESTUDIOS,becas|becarios|provincia|beca18,25/09/2024 16:08,https://api.datosabiertos.pronabec.gob.pe/dashboards/Beca18BecariosPorProvincia,221,25,ANCASH,POMABAMBA,101,0,38,81,0,42,0,0,0,0,0,0,0,0,0,0,0,0,0,0,21/09/2016 00:00,,,,,,
Beca18BecariosPorProvincia,Beca18 - Becarios por Provincia,Lista de becarios - Beca 18, agrupados por provincia.,BECAS DE ESTUDIOS,becas|becarios|provincia|beca18,25/09/2024 16:08,https://api.datosabiertos.pronabec.gob.pe/dashboards/Beca18BecariosPorProvincia,221,26,ANCASH,RECUAY,34,0,13,100,0,51,1,0,06,0,0,0,0,0,0,0,0,0,0,0,0,21/09/2016 00:00,,,,,
Beca18BecariosPorProvincia,Beca18 - Becarios por Provincia,Lista de becarios - Beca 18, agrupados por provincia.,BECAS DE ESTUDIOS,becas|becarios|provincia|beca18,25/09/2024 16:08,https://api.datosabiertos.pronabec.gob.pe/dashboards/Beca18BecariosPorProvincia,221,27,ANCASH,SANTA,78,0,3,34,0,17,0,0,0,0,0,0,0,0,0,0,0,0,0,0,21/09/2016 00:00,,,,,,
Beca18BecariosPorProvincia,Beca18 - Becarios por Provincia,Lista de becarios - Beca 18, agrupados por provincia.,BECAS DE ESTUDIOS,becas|becarios|provincia|beca18,25/09/2024 16:08,https://api.datosabiertos.pronabec.gob.pe/dashboards/Beca18BecariosPorProvincia,221,28,ANCASH,SIHUAS,65,0,25,75,0,38,3,0,18,0,0,0,0,0,0,0,0,0,0,0,0,21/09/2016 00:00,,,,,
Beca18BecariosPorProvincia,Beca18 - Becarios por Provincia,Lista de becarios - Beca 18, agrupados por provincia.,BECAS DE ESTUDIOS,becas|becarios|provincia|beca18,25/09/2024 16:08,https://api.datosabiertos.pronabec.gob.pe/dashboards/Beca18BecariosPorProvincia,221,29,ANCASH,YUNGAY,71,0,27,65,0,33,0,0,0,0,0,0,0,0,0,0,0,0,0,0,21/09/2016 00:00,,,,,,
Beca18BecariosPorProvincia,Beca18 - Becarios por Provincia,Lista de becarios - Beca 18, agrupados por provincia.,BECAS DE ESTUDIOS,becas|becarios|provincia|beca18,25/09/2024 16:08,https://api.datosabiertos.pronabec.gob.pe/dashboards/Beca18BecariosPorProvincia,221,30,APURIMAC,TOTAL,1265,4,82,68,0,35,3,0,18,0,0,0,0,0,0,0,0,0,0,0,0,21/09/2016 00:00,,,,,
Beca18BecariosPorProvincia,Beca18 - Becarios por Provincia,Lista de becarios - Beca 18, agrupados por provincia.,BECAS DE ESTUDIOS,becas|becarios|provincia|beca18,25/09/2024 16:08,https://api.datosabiertos.pronabec.gob.pe/dashboards/Beca18BecariosPorProvincia,221,31,APURIMAC,ABANCAY,142,0,54,868,4,45,27,1,62,89,22,25,13,4,23,213,11,89,0,0,55,13,16,0,0,21/09/2016 00:00,
Beca18BecariosPorProvincia,Beca18 - Becarios por Provincia,Lista de becarios - Beca 18, agrupados por provincia.,BECAS DE ESTUDIOS,becas|becarios|provincia|beca18,25/09/2024 16:08,https://api.datosabiertos.pronabec.gob.pe/dashboards/Beca18BecariosPorProvincia,221,32,APURIMAC,ANDAHUAYLAS,491,1,87,128,0,66,6,0,36,6,1,5,2,0,65,0,0,0,0,0,0,0,0,21/09/2016 00:00,,,
Beca18BecariosPorProvincia,Beca18 - Becarios por Provincia,Lista de becarios - Beca 18, agrupados por provincia.,BECAS DE ESTUDIOS,becas|becarios|provincia|beca18,25/09/2024 16:08,https://api.datosabiertos.pronabec.gob.pe/dashboards/Beca18BecariosPorProvincia,221,33,APURIMAC,ANTABAMBA,37,0,14,330,1,69,10,0,6,62,15,5,8,2,61,64,3,57,0,0,17,4,07,0,0,21/09/2016 00:00,
Beca18BecariosPorProvincia,Beca18 - Becarios por Provincia,Lista de becarios - Beca 18, agrupados por provincia.,BECAS DE ESTUDIOS,becas|becarios|provincia|beca18,25/09/2024 16:08,https://api.datosabiertos.pronabec.gob.pe/dashboards/Beca18BecariosPorProvincia,221,34,APURIMAC,AYMARAES,85,0,32,36,0,18,0,0,1,0,25,0,0,0,0,0,0,0,0,0,0,21/09/2016 00:00,,,,,
Beca18BecariosPorProvincia,Beca18 - Becarios por Provincia,Lista de becarios - Beca 18, agrupados por provincia.,BECAS DE ESTUDIOS,becas|becarios|provincia|beca18,25/09/2024 16:08,https://api.datosabiertos.pronabec.gob.pe/dashboards/Beca18BecariosPorProvincia,221,35,APURIMAC,COTABAMBAS,120,0,46,81,0,42,1,0,06,1,0,25,1,0,33,0,0,0,0,1,0,24,0,0,21/09/2016 00:00,,
Beca18BecariosPorProvincia,Beca18 - Becarios por Provincia,Lista de becarios - Beca 18, agrupados por provincia.,BECAS DE ESTUDIOS,becas|becarios|provincia|beca18,25/09/2024 16:08,https://api.datosabiertos.pronabec.gob.pe/dashboards/Beca18BecariosPorProvincia,221,36,APURIMAC,CHINCHEROS,253,0,96,88,0,45,4,0,24,4,1,0,0,0,0,0,0,24,5,74,0,0,21/09/2016 00:00,,,,
Beca18BecariosPorProvincia,Beca18 - Becarios por Provincia,Lista de becarios - Beca 18, agrupados por provincia.,BECAS DE ESTUDIOS,becas|becarios|provincia|beca18,25/09/2024 16:08,https://api.datosabiertos.pronabec.gob.pe/dashboards/Beca18BecariosPorProvincia,221,37,APURIMAC,GRAU,137,0,52,85,0,44,3,0,18,7,1,75,0,0,149,8,32,0,0,9,2,15,0,0,21/09/2016 00:00,,
Beca18BecariosPorProvincia,Beca18 - Becarios por Provincia,Lista de becarios - Beca 18, agrupados por provincia.,BECAS DE ESTUDIOS,becas|becarios|provincia|beca18,25/09/2024 16:08,https://api.datosabiertos.pronabec.gob.pe/dashboards/Beca18BecariosPorProvincia,221,38,AREQUIPA,TOTAL,490,1,87,120,0,62,3,0,18,8,2,2,0,65,0,0,0,0,4,0,96,0,0,21/09/2016 00:00,,,
Beca18BecariosPorProvincia,Beca18 - Becarios por Provincia,Lista de becarios - Beca 18, agrupados por provincia.,BECAS DE ESTUDIOS,becas|becarios|provincia|beca18,25/09/2024 16:08,https://api.datosabiertos.pronabec.gob.pe/dashboards/Beca18BecariosPorProvincia,221,39,AREQUIPA,AREQUIPA,209,0,8,314,1,61,131,7,88,43,10,75,2,0,65,0,0,0,0,0,0,0,0,21/09/2016 00:00,,,
Beca18BecariosPorProvincia,Beca18 - Becarios por Provincia,Lista de becarios - Beca 18, agrupados por provincia.,BECAS DE ESTUDIOS,becas|becarios|provincia|beca18,25/09/2024 16:08,https://api.datosabiertos.pronabec.gob.pe/dashboards/Beca18BecariosPorProvincia,221,40,AREQUIPA,CAMANA,42,0,16,114,0,58,73,4,39,20,5,2,0,65,0,0,0,0,0,0,0,0,21/09/2016 00:00,,,,
Beca18BecariosPorProvincia,Beca18 - Becarios por Provincia,Lista de becarios - Beca 18, agrupados por provincia.,BECAS DE ESTUDIOS,becas|becarios|provincia|beca18,25/09/2024 16:08,https://api.datosabiertos.pronabec.gob.pe/dashboards/Beca18BecariosPorProvincia,221,41,AREQUIPA,CARAVELI,28,0,11,34,0,17,5,0,3,3,0,75,0,0,0,0,0,0,0,0,0,0,21/09/2016 00:00,,,,
Beca18BecariosPorProvincia,Beca18 - Becarios por Provincia,Lista de becarios - Beca 18, agrupados por provincia.,BECAS DE ESTUDIOS,becas|becarios|provincia|beca18,25/09/2024 16:08,https://api.datosabiertos.pronabec.gob.pe/dashboards/Beca18BecariosPorProvincia,221,42,AREQUIPA,CASTILLA,21,0,08,27,0,14,1,0,06,0,0,0,0,0,0,0,0,0,0,0,0,21/09/2016 00:00,,,,,
Beca18BecariosPorProvincia,Beca18 - Becarios por Provincia,Lista de becarios - Beca 18, agrupados por provincia.,BECAS DE ESTUDIOS,becas|becarios|provincia|beca18,25/09/2024 16:08,https://api.datosabiertos.pronabec.gob.pe/dashboards/Beca18BecariosPorProvincia,221,43,AREQUIPA,CAYLLOMA,69,0,26,17,0,09,3,0,18,1,0,25,0,0,0,0,0,0,0,0,0,0,21/09/2016 00:00,,,,
Beca18BecariosPorProvincia,Beca18 - Becarios por Provincia,Lista de becarios - Beca 18, agrupados por provincia.,BECAS DE ESTUDIOS,becas|becarios|provincia|beca18,25/09/2024 16:08,https://api.datosabiertos.pronabec.gob.pe/dashboards/Beca18BecariosPorProvincia,221,44,AREQUIPA,CONDESUYOS,26,0,1,50,0,26,18,1,08,1,0,25,0,0,0,0,0,0,0,0,0,0,21/09/2016 00:00,,,,
Beca18BecariosPorProvincia,Beca18 - Becarios por Provincia,Lista de becarios - Beca 18, agrupados por provincia.,BECAS DE ESTUDIOS,becas|becarios|provincia|beca18,25/09/2024 16:08,https://api.datosabiertos.pronabec.gob.pe/dashboards/Beca18BecariosPorProvincia,221,45,AREQUIPA,ISLAY,37,0,14,19,0,1,3,0,18,4,1,0,0,0,0,0,0,0,0,0,0,21/09/2016 00:00,,,,,
Beca18BecariosPorProvincia,Beca18 - Becarios por Provincia,Lista de becarios - Beca 18, agrupados por provincia.,BECAS DE ESTUDIOS,becas|becarios|provincia|beca18,25/09/2024 16:08,https://api.datosabiertos.pronabec.gob.pe/dashboards/Beca18BecariosPorProvincia,221,46,AREQUIPA,LA UNION,58,0,22,18,0,09,19,1,14,0,0,0,0,0,0,0,0,0,0,0,0,21/09/2016 00:00,,,,,
Beca18BecariosPorProvincia,Beca18 - Becarios por Provincia,Lista de becarios - Beca 18, agrupados por provincia.,BECAS DE ESTUDIOS,becas|becarios|provincia|beca18,25/09/2024 16:08,https://api.datosabiertos.pronabec.gob.pe/dashboards/Beca18BecariosPorProvincia,221,47,AREQUIPA,AYACUCHO,1366,5,2,35,0,18,9,0,54,14,3,5,0,0,0,0,0,0,0,0,0,0,21/09/2016 00:00,,,,
Beca18BecariosPorProvincia,Beca18 - Becarios por Provincia,Lista de becarios - Beca 18, agrupados por provincia.,BECAS DE ESTUDIOS,becas|becarios|provincia|beca18,25/09/2024 16:08,https://api.datosabiertos.pronabec.gob.pe/dashboards/Beca18BecariosPorProvincia,221,48,AREQUIPA,HUAMANGA,221,0,84,806,4,13,65,3,91,3,0,75,55,17,92,381,21,27,0,0,56,13,4,0,0,21/09/2016 00:00,
Beca18BecariosPorProvincia,Beca18 - Becarios por Provincia,Lista de becarios - Beca 18, agrupados por provincia.,BECAS DE ESTUDIOS,becas|becarios|provincia|beca18,25/09/2024 16:08,https://api.datosabiertos.pronabec.gob.pe/dashboards/Beca18BecariosPorProvincia,221,49,AREQUIPA,CANGALLO,71,0,27,163,0,84,23,1,38,3,0,75,26,8,47,0,0,0,0,6,1,44,0,0,21/09/2016 00:00,,
Beca18BecariosPorProvincia,Beca18 - Becarios por Provincia,Lista de becarios - Beca 18, agrupados por provincia.,BECAS DE ESTUDIOS,becas|becarios|provincia|beca18,25/09/2024 16:08,https://api.datosabiertos.pronabec.gob.pe/dashboards/Beca18BecariosPorProvincia,221,50,AREQUIPA,HUANCA SANCOS,24,0,09,64,0,33,5,0,3,0,0,0,0,0,0,0,0,2,0,48,0,0,21/09/2016 00:00,,,,
